﻿--
-- Script was generated by Devart dbForge Studio for MySQL, Version 6.2.280.0
-- Product home page: http://www.devart.com/dbforge/mysql/studio
-- Script date 1/14/2015 10:18:30 AM
-- Server version: 5.5.20-log
-- Client version: 4.1
--


-- 
-- Disable foreign keys
-- 
/*!40014 SET @OLD_FOREIGN_KEY_CHECKS=@@FOREIGN_KEY_CHECKS, FOREIGN_KEY_CHECKS=0 */;

-- 
-- Set SQL mode
-- 
/*!40101 SET @OLD_SQL_MODE=@@SQL_MODE, SQL_MODE='NO_AUTO_VALUE_ON_ZERO' */;

-- 
-- Set character set the client will use to send SQL statements to the server
--
SET NAMES 'utf8';

-- 
-- Set default database
--
USE ncttca2;

--
-- Definition for table `position`
--
DROP TABLE IF EXISTS `position`;
CREATE TABLE `position` (
  id BIGINT(20) NOT NULL,
  title VARCHAR(255) DEFAULT NULL,
  PRIMARY KEY (id)
)
ENGINE = INNODB
AVG_ROW_LENGTH = 1365
CHARACTER SET latin1
COLLATE latin1_swedish_ci;

--
-- Definition for table accident
--
DROP TABLE IF EXISTS accident;
CREATE TABLE accident (
  id BIGINT(20) NOT NULL,
  adults DECIMAL(10, 0) DEFAULT NULL,
  children DECIMAL(10, 0) DEFAULT NULL,
  male DECIMAL(10, 0) DEFAULT NULL,
  female DECIMAL(10, 0) DEFAULT NULL,
  countryid VARCHAR(255) DEFAULT NULL,
  safetysubcategoryid BIGINT(20) DEFAULT NULL,
  monthid INT(11) DEFAULT NULL,
  yearid INT(11) DEFAULT NULL,
  routesectionid BIGINT(20) DEFAULT NULL,
  PRIMARY KEY (id)
)
ENGINE = INNODB
AVG_ROW_LENGTH = 2730
CHARACTER SET latin1
CHECKSUM = 1
COLLATE latin1_swedish_ci
DELAY_KEY_WRITE = 1
ROW_FORMAT = DYNAMIC;

--
-- Definition for table account
--
DROP TABLE IF EXISTS account;
CREATE TABLE account (
  id BIGINT(20) NOT NULL,
  name VARCHAR(255) DEFAULT NULL,
  accounttypeid BIGINT(20) DEFAULT NULL,
  username VARCHAR(255) CHARACTER SET utf8 COLLATE utf8_general_ci DEFAULT NULL,
  password VARCHAR(255) CHARACTER SET utf8 COLLATE utf8_general_ci DEFAULT NULL,
  email VARCHAR(255) DEFAULT NULL,
  telephone VARCHAR(255) DEFAULT NULL,
  address TEXT DEFAULT NULL,
  town VARCHAR(255) DEFAULT NULL,
  countryid VARCHAR(255) DEFAULT NULL,
  stakeholderid BIGINT(20) DEFAULT NULL,
  statusid BIGINT(20) DEFAULT NULL,
  PRIMARY KEY (id),
  INDEX accounttype (accounttypeid),
  INDEX username (username)
)
ENGINE = INNODB
AVG_ROW_LENGTH = 5461
CHARACTER SET latin1
COLLATE latin1_swedish_ci;

--
-- Definition for table accounttype
--
DROP TABLE IF EXISTS accounttype;
CREATE TABLE accounttype (
  id BIGINT(20) NOT NULL,
  title VARCHAR(255) CHARACTER SET utf8 COLLATE utf8_general_ci DEFAULT NULL,
  PRIMARY KEY (id),
  INDEX title (title)
)
ENGINE = INNODB
AVG_ROW_LENGTH = 4096
CHARACTER SET latin1
COLLATE latin1_swedish_ci;

--
-- Definition for table agent
--
DROP TABLE IF EXISTS agent;
CREATE TABLE agent (
  id BIGINT(20) NOT NULL,
  title VARCHAR(255) DEFAULT NULL,
  code VARCHAR(255) DEFAULT NULL,
  countryid VARCHAR(255) DEFAULT NULL,
  PRIMARY KEY (id)
)
ENGINE = INNODB
AVG_ROW_LENGTH = 8192
CHARACTER SET latin1
COLLATE latin1_swedish_ci;

--
-- Definition for table all_delays_summary
--
DROP TABLE IF EXISTS all_delays_summary;
CREATE TABLE all_delays_summary (
  subnodeid VARCHAR(255) DEFAULT NULL,
  yearid VARCHAR(255) DEFAULT NULL,
  monthid VARCHAR(255) DEFAULT NULL,
  frequency VARCHAR(255) DEFAULT NULL,
  AvgDelay VARCHAR(255) DEFAULT NULL,
  MinDelay VARCHAR(255) DEFAULT NULL,
  MaxDelay VARCHAR(255) DEFAULT NULL
)
ENGINE = INNODB
AVG_ROW_LENGTH = 819
CHARACTER SET latin1
COLLATE latin1_swedish_ci;

--
-- Definition for table allcheckpoints
--
DROP TABLE IF EXISTS allcheckpoints;
CREATE TABLE allcheckpoints (
  yearid INT(11) DEFAULT NULL,
  monthid INT(11) DEFAULT NULL,
  countryid VARCHAR(255) DEFAULT NULL,
  route VARCHAR(255) DEFAULT NULL,
  routesectionid BIGINT(20) DEFAULT NULL,
  location VARCHAR(255) DEFAULT NULL,
  `check Points` INT(11) DEFAULT NULL,
  distance INT(11) DEFAULT NULL,
  checkpointtype VARCHAR(255) DEFAULT NULL,
  INDEX countryid (countryid),
  INDEX distance (distance),
  INDEX monthid (monthid),
  INDEX route (route),
  INDEX routesection (routesectionid),
  INDEX yearid (yearid)
)
ENGINE = INNODB
AVG_ROW_LENGTH = 819
CHARACTER SET latin1
COLLATE latin1_swedish_ci;

--
-- Definition for table alldelayssummary
--
DROP TABLE IF EXISTS alldelayssummary;
CREATE TABLE alldelayssummary (
  subnodeid TINYINT(4) NOT NULL,
  yearid TINYINT(4) NOT NULL,
  monthid TINYINT(4) NOT NULL,
  frequency TINYINT(4) NOT NULL,
  AvgDelay TINYINT(4) NOT NULL,
  MinDelay TINYINT(4) NOT NULL,
  MaxDelay TINYINT(4) NOT NULL
)
ENGINE = MYISAM
CHARACTER SET latin1
COLLATE latin1_swedish_ci;

--
-- Definition for table allnoncontcargo
--
DROP TABLE IF EXISTS allnoncontcargo;
CREATE TABLE allnoncontcargo (
  containertypeid TINYINT(4) NOT NULL,
  yearid TINYINT(4) NOT NULL,
  monthid TINYINT(4) NOT NULL,
  minweight TINYINT(4) NOT NULL,
  maxweight TINYINT(4) NOT NULL,
  avgweight TINYINT(4) NOT NULL,
  stdweight TINYINT(4) NOT NULL,
  totalweight TINYINT(4) NOT NULL
)
ENGINE = MYISAM
CHARACTER SET latin1
COLLATE latin1_swedish_ci;

--
-- Definition for table annualdistance
--
DROP TABLE IF EXISTS annualdistance;
CREATE TABLE annualdistance (
  triprouteid TINYINT(4) NOT NULL,
  trips TINYINT(4) NOT NULL,
  monthid TINYINT(4) NOT NULL,
  yearid TINYINT(4) NOT NULL,
  distance TINYINT(4) NOT NULL,
  transportmodeid TINYINT(4) NOT NULL,
  title TINYINT(4) NOT NULL,
  destcountryid TINYINT(4) NOT NULL,
  orgcountryid TINYINT(4) NOT NULL,
  stakeholderid TINYINT(4) NOT NULL,
  studycaseid TINYINT(4) NOT NULL,
  annualdistance TINYINT(4) NOT NULL
)
ENGINE = MYISAM
CHARACTER SET latin1
COLLATE latin1_swedish_ci;

--
-- Definition for table application
--
DROP TABLE IF EXISTS application;
CREATE TABLE application (
  id BIGINT(20) NOT NULL,
  title VARCHAR(255) DEFAULT NULL,
  countryid VARCHAR(255) DEFAULT NULL,
  domain VARCHAR(255) DEFAULT NULL,
  template VARCHAR(255) DEFAULT NULL,
  smtpserver VARCHAR(255) DEFAULT NULL,
  smtpusername VARCHAR(255) DEFAULT NULL,
  smtppassword VARCHAR(255) DEFAULT NULL,
  email VARCHAR(255) DEFAULT NULL,
  address TEXT DEFAULT NULL,
  logo VARCHAR(255) DEFAULT NULL,
  languageid BIGINT(20) DEFAULT NULL,
  copyright VARCHAR(255) DEFAULT NULL,
  PRIMARY KEY (id)
)
ENGINE = INNODB
AVG_ROW_LENGTH = 16384
CHARACTER SET latin1
COLLATE latin1_swedish_ci;

--
-- Definition for table axle
--
DROP TABLE IF EXISTS axle;
CREATE TABLE axle (
  id BIGINT(20) NOT NULL,
  title VARCHAR(255) DEFAULT NULL,
  PRIMARY KEY (id)
)
ENGINE = INNODB
AVG_ROW_LENGTH = 5461
CHARACTER SET latin1
COLLATE latin1_swedish_ci;

--
-- Definition for table borderactivity
--
DROP TABLE IF EXISTS borderactivity;
CREATE TABLE borderactivity (
  id BIGINT(20) NOT NULL AUTO_INCREMENT,
  borderauditid BIGINT(20) DEFAULT NULL,
  studycaseid BIGINT(20) DEFAULT NULL,
  subnodeid BIGINT(20) DEFAULT NULL,
  traveldirectionid BIGINT(20) DEFAULT NULL,
  datein DATETIME DEFAULT NULL,
  dateout DATETIME DEFAULT NULL,
  PRIMARY KEY (id),
  INDEX borderaudit (borderauditid),
  INDEX datein (datein),
  INDEX dateout (dateout),
  INDEX studycase (studycaseid),
  INDEX subnode (subnodeid),
  INDEX traveldirectionid (traveldirectionid)
)
ENGINE = INNODB
AUTO_INCREMENT = 21
AVG_ROW_LENGTH = 819
CHARACTER SET latin1
CHECKSUM = 1
COLLATE latin1_swedish_ci
DELAY_KEY_WRITE = 1
ROW_FORMAT = DYNAMIC;

--
-- Definition for table borderactivityview
--
DROP TABLE IF EXISTS borderactivityview;
CREATE TABLE borderactivityview (
  id TINYINT(4) NOT NULL,
  studycaseid TINYINT(4) NOT NULL,
  subnodeid TINYINT(4) NOT NULL,
  traveldirectionid TINYINT(4) NOT NULL,
  datein TINYINT(4) NOT NULL,
  dateout TINYINT(4) NOT NULL,
  nodeid TINYINT(4) NOT NULL
)
ENGINE = MYISAM
CHARACTER SET latin1
COLLATE latin1_swedish_ci;

--
-- Definition for table borderaudit
--
DROP TABLE IF EXISTS borderaudit;
CREATE TABLE borderaudit (
  id BIGINT(20) NOT NULL AUTO_INCREMENT,
  code VARCHAR(255) DEFAULT NULL,
  studycaseid BIGINT(20) DEFAULT NULL,
  cargotypeid BIGINT(20) DEFAULT NULL,
  destcountryid VARCHAR(255) DEFAULT NULL,
  driverid BIGINT(20) DEFAULT NULL,
  entryagentid BIGINT(20) DEFAULT NULL,
  entrycountryid BIGINT(20) DEFAULT NULL,
  exitagentid BIGINT(20) DEFAULT NULL,
  exitcountryid BIGINT(20) DEFAULT NULL,
  hscode VARCHAR(255) DEFAULT NULL,
  description TEXT DEFAULT NULL,
  carrierregno VARCHAR(255) DEFAULT NULL,
  modecarrierid BIGINT(20) DEFAULT NULL,
  subnodeid BIGINT(20) DEFAULT NULL,
  orgcountryid VARCHAR(255) DEFAULT NULL,
  trailerregno VARCHAR(255) DEFAULT NULL,
  stakeholderid BIGINT(20) DEFAULT NULL,
  traveldirectionid BIGINT(20) DEFAULT NULL,
  transportmodeid BIGINT(20) DEFAULT NULL,
  consignmentvol DECIMAL(10, 0) DEFAULT NULL,
  importer VARCHAR(255) DEFAULT NULL,
  monthid INT(11) DEFAULT NULL,
  yearid INT(11) DEFAULT NULL,
  PRIMARY KEY (id)
)
ENGINE = INNODB
AUTO_INCREMENT = 21
AVG_ROW_LENGTH = 819
CHARACTER SET latin1
CHECKSUM = 1
COLLATE latin1_swedish_ci
DELAY_KEY_WRITE = 1
ROW_FORMAT = DYNAMIC;

--
-- Definition for table bordercrossing
--
DROP TABLE IF EXISTS bordercrossing;
CREATE TABLE bordercrossing (
  yearid TINYINT(4) NOT NULL,
  monthid TINYINT(4) NOT NULL,
  nodeid TINYINT(4) NOT NULL,
  incounts TINYINT(4) NOT NULL,
  inhours TINYINT(4) NOT NULL,
  outcounts TINYINT(4) NOT NULL,
  outhours TINYINT(4) NOT NULL
)
ENGINE = MYISAM
CHARACTER SET latin1
COLLATE latin1_swedish_ci;

--
-- Definition for table bordercrossingin
--
DROP TABLE IF EXISTS bordercrossingin;
CREATE TABLE bordercrossingin (
  studycaseid TINYINT(4) NOT NULL,
  subnodeid TINYINT(4) NOT NULL,
  traveldirectionid TINYINT(4) NOT NULL,
  datein TINYINT(4) NOT NULL,
  dateout TINYINT(4) NOT NULL,
  nodeid TINYINT(4) NOT NULL,
  monthid TINYINT(4) NOT NULL,
  yearid TINYINT(4) NOT NULL,
  counts TINYINT(4) NOT NULL,
  hours TINYINT(4) NOT NULL
)
ENGINE = MYISAM
CHARACTER SET latin1
COLLATE latin1_swedish_ci;

--
-- Definition for table bordercrossingout
--
DROP TABLE IF EXISTS bordercrossingout;
CREATE TABLE bordercrossingout (
  studycaseid TINYINT(4) NOT NULL,
  subnodeid TINYINT(4) NOT NULL,
  traveldirectionid TINYINT(4) NOT NULL,
  datein TINYINT(4) NOT NULL,
  dateout TINYINT(4) NOT NULL,
  nodeid TINYINT(4) NOT NULL,
  monthid TINYINT(4) NOT NULL,
  yearid TINYINT(4) NOT NULL,
  counts TINYINT(4) NOT NULL,
  hours TINYINT(4) NOT NULL
)
ENGINE = MYISAM
CHARACTER SET latin1
COLLATE latin1_swedish_ci;

--
-- Definition for table bordercrossingtime
--
DROP TABLE IF EXISTS bordercrossingtime;
CREATE TABLE bordercrossingtime (
  studycaseid TINYINT(4) NOT NULL,
  subnodeid TINYINT(4) NOT NULL,
  traveldirectionid TINYINT(4) NOT NULL,
  datein TINYINT(4) NOT NULL,
  dateout TINYINT(4) NOT NULL,
  nodeid TINYINT(4) NOT NULL,
  monthid TINYINT(4) NOT NULL,
  yearid TINYINT(4) NOT NULL,
  counts TINYINT(4) NOT NULL,
  hours TINYINT(4) NOT NULL
)
ENGINE = MYISAM
CHARACTER SET latin1
COLLATE latin1_swedish_ci;

--
-- Definition for table calendar
--
DROP TABLE IF EXISTS calendar;
CREATE TABLE calendar (
  id BIGINT(20) NOT NULL,
  title VARCHAR(255) DEFAULT NULL,
  venue VARCHAR(255) DEFAULT NULL,
  details TEXT DEFAULT NULL,
  date DATETIME DEFAULT NULL,
  statusid INT(11) DEFAULT NULL,
  PRIMARY KEY (id)
)
ENGINE = INNODB
AVG_ROW_LENGTH = 819
CHARACTER SET latin1
COLLATE latin1_swedish_ci;

--
-- Definition for table cargo
--
DROP TABLE IF EXISTS cargo;
CREATE TABLE cargo (
  id BIGINT(20) NOT NULL AUTO_INCREMENT,
  containerno VARCHAR(255) DEFAULT NULL,
  consignmentno VARCHAR(255) DEFAULT NULL,
  blnumber VARCHAR(255) DEFAULT NULL,
  manifestno VARCHAR(255) DEFAULT NULL,
  shippingvessel VARCHAR(255) DEFAULT NULL,
  shippingline VARCHAR(255) DEFAULT NULL,
  por VARCHAR(255) DEFAULT NULL,
  pol VARCHAR(255) DEFAULT NULL,
  pod VARCHAR(255) DEFAULT NULL,
  orgcountryid VARCHAR(255) DEFAULT NULL,
  destcountryid VARCHAR(255) DEFAULT NULL,
  hscode VARCHAR(255) DEFAULT NULL,
  description VARCHAR(255) DEFAULT NULL,
  volume FLOAT(10, 0) DEFAULT NULL,
  weight FLOAT(10, 0) DEFAULT NULL,
  cargotypecategoryid INT(11) DEFAULT NULL,
  transportmodeid INT(11) DEFAULT NULL,
  carrierregno VARCHAR(255) DEFAULT NULL,
  containertypeid INT(11) DEFAULT NULL,
  marketid INT(11) DEFAULT NULL,
  originalsealno VARCHAR(255) DEFAULT NULL,
  stakeholdersealno VARCHAR(255) DEFAULT NULL,
  stakeholderid BIGINT(20) DEFAULT NULL,
  monthid INT(11) DEFAULT NULL,
  yearid INT(11) DEFAULT NULL,
  PRIMARY KEY (id),
  INDEX cargotype (cargotypecategoryid),
  INDEX containerno (containerno),
  INDEX containertypeid (containertypeid),
  INDEX country (orgcountryid, destcountryid),
  INDEX marketid (marketid),
  INDEX monthid (monthid),
  INDEX stakeholder (stakeholderid),
  INDEX transportmode (transportmodeid),
  INDEX yearid (yearid)
)
ENGINE = INNODB
AUTO_INCREMENT = 21
AVG_ROW_LENGTH = 819
CHARACTER SET latin1
CHECKSUM = 1
COLLATE latin1_swedish_ci
DELAY_KEY_WRITE = 1
ROW_FORMAT = DYNAMIC;

--
-- Definition for table cargo_copy
--
DROP TABLE IF EXISTS cargo_copy;
CREATE TABLE cargo_copy (
  id BIGINT(20) NOT NULL AUTO_INCREMENT,
  containerno VARCHAR(255) DEFAULT NULL,
  consignmentno VARCHAR(255) DEFAULT NULL,
  blnumber VARCHAR(255) DEFAULT NULL,
  manifestno VARCHAR(255) DEFAULT NULL,
  shippingvessel VARCHAR(255) DEFAULT NULL,
  shippingline VARCHAR(255) DEFAULT NULL,
  por VARCHAR(255) DEFAULT NULL,
  pol VARCHAR(255) DEFAULT NULL,
  pod VARCHAR(255) DEFAULT NULL,
  orgcountryid VARCHAR(255) DEFAULT NULL,
  destcountryid VARCHAR(255) DEFAULT NULL,
  hscode VARCHAR(255) DEFAULT NULL,
  description VARCHAR(255) DEFAULT NULL,
  volume FLOAT(10, 0) DEFAULT NULL,
  weight FLOAT(10, 0) DEFAULT NULL,
  cargotypecategoryid INT(11) DEFAULT NULL,
  transportmodeid INT(11) DEFAULT NULL,
  carrierregno VARCHAR(255) DEFAULT NULL,
  containertypeid INT(11) DEFAULT NULL,
  marketid INT(11) DEFAULT NULL,
  originalsealno VARCHAR(255) DEFAULT NULL,
  stakeholdersealno VARCHAR(255) DEFAULT NULL,
  stakeholderid BIGINT(20) DEFAULT NULL,
  monthid INT(11) DEFAULT NULL,
  yearid INT(11) DEFAULT NULL,
  PRIMARY KEY (id),
  INDEX containerno (containerno),
  INDEX country (orgcountryid, destcountryid)
)
ENGINE = INNODB
AUTO_INCREMENT = 1
CHARACTER SET latin1
COLLATE latin1_swedish_ci;

--
-- Definition for table cargocharge
--
DROP TABLE IF EXISTS cargocharge;
CREATE TABLE cargocharge (
  id BIGINT(20) NOT NULL,
  title VARCHAR(255) DEFAULT NULL,
  charge DECIMAL(10, 0) DEFAULT NULL,
  cargotypeid BIGINT(20) DEFAULT NULL,
  statusid INT(11) DEFAULT NULL,
  PRIMARY KEY (id)
)
ENGINE = INNODB
CHARACTER SET latin1
COLLATE latin1_swedish_ci;

--
-- Definition for table cargotype
--
DROP TABLE IF EXISTS cargotype;
CREATE TABLE cargotype (
  id BIGINT(20) NOT NULL,
  title VARCHAR(255) CHARACTER SET utf8 COLLATE utf8_general_ci DEFAULT NULL,
  PRIMARY KEY (id)
)
ENGINE = INNODB
AVG_ROW_LENGTH = 2730
CHARACTER SET latin1
COLLATE latin1_swedish_ci;

--
-- Definition for table cargotypecategory
--
DROP TABLE IF EXISTS cargotypecategory;
CREATE TABLE cargotypecategory (
  id BIGINT(20) NOT NULL,
  title VARCHAR(255) CHARACTER SET utf8 COLLATE utf8_general_ci DEFAULT NULL,
  cargotypeid BIGINT(20) DEFAULT NULL,
  PRIMARY KEY (id)
)
ENGINE = INNODB
AVG_ROW_LENGTH = 819
CHARACTER SET latin1
COLLATE latin1_swedish_ci;

--
-- Definition for table chargetype
--
DROP TABLE IF EXISTS chargetype;
CREATE TABLE chargetype (
  id BIGINT(20) NOT NULL,
  title VARCHAR(255) DEFAULT NULL,
  PRIMARY KEY (id)
)
ENGINE = INNODB
AVG_ROW_LENGTH = 2340
CHARACTER SET latin1
COLLATE latin1_swedish_ci;

--
-- Definition for table checkpointlist
--
DROP TABLE IF EXISTS checkpointlist;
CREATE TABLE checkpointlist (
  yearid TINYINT(4) NOT NULL,
  monthid TINYINT(4) NOT NULL,
  countryid TINYINT(4) NOT NULL,
  routesection TINYINT(4) NOT NULL,
  subsection TINYINT(4) NOT NULL,
  location TINYINT(4) NOT NULL,
  checkpoints TINYINT(4) NOT NULL,
  distance TINYINT(4) NOT NULL,
  checkpointtype TINYINT(4) NOT NULL
)
ENGINE = MYISAM
CHARACTER SET latin1
COLLATE latin1_swedish_ci;

--
-- Definition for table checkpoints
--
DROP TABLE IF EXISTS checkpoints;
CREATE TABLE checkpoints (
  title TINYINT(4) NOT NULL,
  nodetypeid TINYINT(4) NOT NULL,
  countryid TINYINT(4) NOT NULL,
  routeid TINYINT(4) NOT NULL,
  checkpoints TINYINT(4) NOT NULL
)
ENGINE = MYISAM
CHARACTER SET latin1
COLLATE latin1_swedish_ci;

--
-- Definition for table commoncharge
--
DROP TABLE IF EXISTS commoncharge;
CREATE TABLE commoncharge (
  id BIGINT(20) NOT NULL,
  title VARCHAR(255) DEFAULT NULL,
  charge DECIMAL(10, 0) DEFAULT NULL,
  PRIMARY KEY (id)
)
ENGINE = INNODB
AVG_ROW_LENGTH = 8192
CHARACTER SET latin1
CHECKSUM = 1
COLLATE latin1_swedish_ci
DELAY_KEY_WRITE = 1
ROW_FORMAT = DYNAMIC;

--
-- Definition for table concurrency
--
DROP TABLE IF EXISTS concurrency;
CREATE TABLE concurrency (
  id BIGINT(20) NOT NULL,
  title VARCHAR(255) DEFAULT NULL,
  sessions INT(11) DEFAULT NULL,
  PRIMARY KEY (id)
)
ENGINE = INNODB
AVG_ROW_LENGTH = 5461
CHARACTER SET latin1
COLLATE latin1_swedish_ci;

--
-- Definition for table containertype
--
DROP TABLE IF EXISTS containertype;
CREATE TABLE containertype (
  id BIGINT(20) NOT NULL,
  title VARCHAR(255) DEFAULT NULL,
  PRIMARY KEY (id)
)
ENGINE = INNODB
AVG_ROW_LENGTH = 1365
CHARACTER SET latin1
CHECKSUM = 1
COLLATE latin1_swedish_ci
DELAY_KEY_WRITE = 1
ROW_FORMAT = DYNAMIC;

--
-- Definition for table cost
--
DROP TABLE IF EXISTS cost;
CREATE TABLE cost (
  yearid INT(11) DEFAULT NULL,
  CostType VARCHAR(255) DEFAULT NULL,
  PercentageCost DECIMAL(10, 2) DEFAULT NULL
)
ENGINE = INNODB
AVG_ROW_LENGTH = 2048
CHARACTER SET latin1
COLLATE latin1_swedish_ci;

--
-- Definition for table costsummary
--
DROP TABLE IF EXISTS costsummary;
CREATE TABLE costsummary (
  yearid TINYINT(4) NOT NULL,
  CostType TINYINT(4) NOT NULL,
  PercentageCost TINYINT(4) NOT NULL
)
ENGINE = MYISAM
CHARACTER SET latin1
COLLATE latin1_swedish_ci;

--
-- Definition for table country
--
DROP TABLE IF EXISTS country;
CREATE TABLE country (
  id VARCHAR(255) CHARACTER SET utf8 COLLATE utf8_general_ci NOT NULL,
  title VARCHAR(255) CHARACTER SET utf8 COLLATE utf8_general_ci DEFAULT NULL,
  regionid BIGINT(20) DEFAULT NULL,
  PRIMARY KEY (id)
)
ENGINE = INNODB
AVG_ROW_LENGTH = 819
CHARACTER SET latin1
COLLATE latin1_swedish_ci;

--
-- Definition for table damage
--
DROP TABLE IF EXISTS damage;
CREATE TABLE damage (
  id BIGINT(20) NOT NULL,
  damagetypeid BIGINT(20) DEFAULT NULL,
  nodeid BIGINT(20) DEFAULT NULL,
  routesectionid BIGINT(20) DEFAULT NULL,
  transportmodeid BIGINT(20) DEFAULT NULL,
  total DECIMAL(10, 0) DEFAULT NULL,
  volume DECIMAL(10, 0) DEFAULT NULL,
  monthid INT(11) DEFAULT NULL,
  yearid INT(11) DEFAULT NULL,
  PRIMARY KEY (id)
)
ENGINE = INNODB
AVG_ROW_LENGTH = 5461
CHARACTER SET latin1
CHECKSUM = 1
COLLATE latin1_swedish_ci
DELAY_KEY_WRITE = 1
ROW_FORMAT = DYNAMIC;

--
-- Definition for table damages
--
DROP TABLE IF EXISTS damages;
CREATE TABLE damages (
  damagetypeid TINYINT(4) NOT NULL,
  nodeid TINYINT(4) NOT NULL,
  routesectionid TINYINT(4) NOT NULL,
  transportmodeid TINYINT(4) NOT NULL,
  total TINYINT(4) NOT NULL,
  volume TINYINT(4) NOT NULL,
  monthid TINYINT(4) NOT NULL,
  yearid TINYINT(4) NOT NULL
)
ENGINE = MYISAM
CHARACTER SET latin1
COLLATE latin1_swedish_ci;

--
-- Definition for table damagetype
--
DROP TABLE IF EXISTS damagetype;
CREATE TABLE damagetype (
  id BIGINT(20) NOT NULL,
  title VARCHAR(255) CHARACTER SET utf8 COLLATE utf8_general_ci DEFAULT NULL,
  PRIMARY KEY (id)
)
ENGINE = INNODB
AVG_ROW_LENGTH = 2048
CHARACTER SET latin1
COLLATE latin1_swedish_ci;

--
-- Definition for table destcountry
--
DROP TABLE IF EXISTS destcountry;
CREATE TABLE destcountry (
  id TINYINT(4) NOT NULL,
  title TINYINT(4) NOT NULL
)
ENGINE = MYISAM
CHARACTER SET latin1
COLLATE latin1_swedish_ci;

--
-- Definition for table destination
--
DROP TABLE IF EXISTS destination;
CREATE TABLE destination (
  id BIGINT(20) NOT NULL,
  title VARCHAR(255) DEFAULT NULL
)
ENGINE = INNODB
CHARACTER SET latin1
COLLATE latin1_swedish_ci;

--
-- Definition for table destvolumeannual
--
DROP TABLE IF EXISTS destvolumeannual;
CREATE TABLE destvolumeannual (
  marketid TINYINT(4) NOT NULL,
  yearid TINYINT(4) NOT NULL,
  destcountryid TINYINT(4) NOT NULL,
  counts TINYINT(4) NOT NULL,
  weight TINYINT(4) NOT NULL,
  avgweight TINYINT(4) NOT NULL,
  minweight TINYINT(4) NOT NULL,
  maxweight TINYINT(4) NOT NULL,
  stdweight TINYINT(4) NOT NULL
)
ENGINE = MYISAM
CHARACTER SET latin1
COLLATE latin1_swedish_ci;

--
-- Definition for table destvolumemonthly
--
DROP TABLE IF EXISTS destvolumemonthly;
CREATE TABLE destvolumemonthly (
  marketid TINYINT(4) NOT NULL,
  yearid TINYINT(4) NOT NULL,
  monthid TINYINT(4) NOT NULL,
  destcountryid TINYINT(4) NOT NULL,
  counts TINYINT(4) NOT NULL,
  weight TINYINT(4) NOT NULL,
  avgweight TINYINT(4) NOT NULL,
  minweight TINYINT(4) NOT NULL,
  maxweight TINYINT(4) NOT NULL,
  stdweight TINYINT(4) NOT NULL
)
ENGINE = MYISAM
CHARACTER SET latin1
COLLATE latin1_swedish_ci;

--
-- Definition for table destvolumequaterly
--
DROP TABLE IF EXISTS destvolumequaterly;
CREATE TABLE destvolumequaterly (
  marketid TINYINT(4) NOT NULL,
  yearid TINYINT(4) NOT NULL,
  reportingperiodid TINYINT(4) NOT NULL,
  destcountryid TINYINT(4) NOT NULL,
  counts TINYINT(4) NOT NULL,
  weight TINYINT(4) NOT NULL,
  avgweight TINYINT(4) NOT NULL,
  minweight TINYINT(4) NOT NULL,
  maxweight TINYINT(4) NOT NULL,
  stdweight TINYINT(4) NOT NULL
)
ENGINE = MYISAM
CHARACTER SET latin1
COLLATE latin1_swedish_ci;

--
-- Definition for table disaggregation
--
DROP TABLE IF EXISTS disaggregation;
CREATE TABLE disaggregation (
  id BIGINT(20) NOT NULL,
  title VARCHAR(255) DEFAULT NULL,
  PRIMARY KEY (id)
)
ENGINE = INNODB
AVG_ROW_LENGTH = 4096
CHARACTER SET latin1
COLLATE latin1_swedish_ci;

--
-- Definition for table document
--
DROP TABLE IF EXISTS document;
CREATE TABLE document (
  id BIGINT(20) NOT NULL,
  title VARCHAR(255) DEFAULT NULL,
  documenttypeid BIGINT(20) DEFAULT NULL,
  summary TEXT DEFAULT NULL,
  documentfile VARCHAR(255) DEFAULT NULL,
  date DATETIME DEFAULT NULL,
  statusid INT(11) DEFAULT NULL,
  PRIMARY KEY (id)
)
ENGINE = INNODB
AVG_ROW_LENGTH = 2048
CHARACTER SET latin1
COLLATE latin1_swedish_ci;

--
-- Definition for table documenttype
--
DROP TABLE IF EXISTS documenttype;
CREATE TABLE documenttype (
  id BIGINT(20) NOT NULL,
  title VARCHAR(255) DEFAULT NULL,
  PRIMARY KEY (id)
)
ENGINE = INNODB
AVG_ROW_LENGTH = 2730
CHARACTER SET latin1
COLLATE latin1_swedish_ci;

--
-- Definition for table driver
--
DROP TABLE IF EXISTS driver;
CREATE TABLE driver (
  id BIGINT(20) NOT NULL,
  title VARCHAR(255) DEFAULT NULL,
  code VARCHAR(255) DEFAULT NULL,
  regcountryid VARCHAR(255) DEFAULT NULL,
  PRIMARY KEY (id)
)
ENGINE = INNODB
AVG_ROW_LENGTH = 8192
CHARACTER SET latin1
COLLATE latin1_swedish_ci;

--
-- Definition for table dwelltime
--
DROP TABLE IF EXISTS dwelltime;
CREATE TABLE dwelltime (
  subnodeid TINYINT(4) NOT NULL,
  yearid TINYINT(4) NOT NULL,
  monthid TINYINT(4) NOT NULL,
  Counts TINYINT(4) NOT NULL,
  hours TINYINT(4) NOT NULL,
  minhours TINYINT(4) NOT NULL,
  maxhours TINYINT(4) NOT NULL,
  stdhours TINYINT(4) NOT NULL
)
ENGINE = MYISAM
CHARACTER SET latin1
COLLATE latin1_swedish_ci;

--
-- Definition for table dwelltimeannual
--
DROP TABLE IF EXISTS dwelltimeannual;
CREATE TABLE dwelltimeannual (
  subnodeid TINYINT(4) NOT NULL,
  yearid TINYINT(4) NOT NULL,
  counts TINYINT(4) NOT NULL,
  hours TINYINT(4) NOT NULL,
  minhours TINYINT(4) NOT NULL,
  maxhours TINYINT(4) NOT NULL,
  stdhours TINYINT(4) NOT NULL
)
ENGINE = MYISAM
CHARACTER SET latin1
COLLATE latin1_swedish_ci;

--
-- Definition for table dwelltimemonthly
--
DROP TABLE IF EXISTS dwelltimemonthly;
CREATE TABLE dwelltimemonthly (
  subnodeid TINYINT(4) NOT NULL,
  yearid TINYINT(4) NOT NULL,
  reportingperiodid TINYINT(4) NOT NULL,
  monthid TINYINT(4) NOT NULL,
  counts TINYINT(4) NOT NULL,
  hours TINYINT(4) NOT NULL,
  minhours TINYINT(4) NOT NULL,
  maxhours TINYINT(4) NOT NULL,
  stdhours TINYINT(4) NOT NULL
)
ENGINE = MYISAM
CHARACTER SET latin1
COLLATE latin1_swedish_ci;

--
-- Definition for table dwelltimenew
--
DROP TABLE IF EXISTS dwelltimenew;
CREATE TABLE dwelltimenew (
  subnodeid TINYINT(4) NOT NULL,
  yearid TINYINT(4) NOT NULL,
  reportingperiodid TINYINT(4) NOT NULL,
  monthid TINYINT(4) NOT NULL,
  Counts TINYINT(4) NOT NULL,
  hours TINYINT(4) NOT NULL
)
ENGINE = MYISAM
CHARACTER SET latin1
COLLATE latin1_swedish_ci;

--
-- Definition for table dwelltimequarterly
--
DROP TABLE IF EXISTS dwelltimequarterly;
CREATE TABLE dwelltimequarterly (
  subnodeid TINYINT(4) NOT NULL,
  yearid TINYINT(4) NOT NULL,
  reportingperiodid TINYINT(4) NOT NULL,
  counts TINYINT(4) NOT NULL,
  hours TINYINT(4) NOT NULL,
  minhours TINYINT(4) NOT NULL,
  maxhours TINYINT(4) NOT NULL,
  stdhours TINYINT(4) NOT NULL
)
ENGINE = MYISAM
CHARACTER SET latin1
COLLATE latin1_swedish_ci;

--
-- Definition for table emptycontainer
--
DROP TABLE IF EXISTS emptycontainer;
CREATE TABLE emptycontainer (
  id BIGINT(20) NOT NULL,
  containertypeid BIGINT(20) DEFAULT NULL,
  stakeholderid BIGINT(20) DEFAULT NULL,
  transportmodeid BIGINT(20) DEFAULT NULL,
  destcountryid VARCHAR(255) DEFAULT NULL,
  orgcountryid VARCHAR(255) DEFAULT NULL,
  rcvcountryid VARCHAR(255) DEFAULT NULL,
  deposit VARCHAR(255) DEFAULT NULL,
  delaypenalty VARCHAR(255) DEFAULT NULL,
  graceperiod VARCHAR(255) DEFAULT NULL,
  yearid INT(11) DEFAULT NULL,
  monthid INT(11) DEFAULT NULL,
  PRIMARY KEY (id)
)
ENGINE = INNODB
CHARACTER SET latin1
CHECKSUM = 1
COLLATE latin1_swedish_ci
DELAY_KEY_WRITE = 1
ROW_FORMAT = DYNAMIC;

--
-- Definition for table entryagent
--
DROP TABLE IF EXISTS entryagent;
CREATE TABLE entryagent (
  id TINYINT(4) NOT NULL,
  title TINYINT(4) NOT NULL,
  code TINYINT(4) NOT NULL,
  countryid TINYINT(4) NOT NULL
)
ENGINE = MYISAM
CHARACTER SET latin1
COLLATE latin1_swedish_ci;

--
-- Definition for table entrycountry
--
DROP TABLE IF EXISTS entrycountry;
CREATE TABLE entrycountry (
  id TINYINT(4) NOT NULL,
  title TINYINT(4) NOT NULL
)
ENGINE = MYISAM
CHARACTER SET latin1
COLLATE latin1_swedish_ci;

--
-- Definition for table eventlog
--
DROP TABLE IF EXISTS eventlog;
CREATE TABLE eventlog (
  id BIGINT(20) NOT NULL,
  `table` VARCHAR(255) DEFAULT NULL,
  record VARCHAR(255) DEFAULT NULL,
  action VARCHAR(255) DEFAULT NULL,
  accountid BIGINT(20) DEFAULT NULL,
  date DATETIME DEFAULT NULL,
  ip VARCHAR(255) DEFAULT NULL,
  PRIMARY KEY (id)
)
ENGINE = INNODB
AVG_ROW_LENGTH = 819
CHARACTER SET latin1
COLLATE latin1_swedish_ci;

--
-- Definition for table exitagent
--
DROP TABLE IF EXISTS exitagent;
CREATE TABLE exitagent (
  id TINYINT(4) NOT NULL,
  title TINYINT(4) NOT NULL,
  code TINYINT(4) NOT NULL,
  countryid TINYINT(4) NOT NULL
)
ENGINE = MYISAM
CHARACTER SET latin1
COLLATE latin1_swedish_ci;

--
-- Definition for table exitcountry
--
DROP TABLE IF EXISTS exitcountry;
CREATE TABLE exitcountry (
  id TINYINT(4) NOT NULL,
  title TINYINT(4) NOT NULL
)
ENGINE = MYISAM
CHARACTER SET latin1
COLLATE latin1_swedish_ci;

--
-- Definition for table exports
--
DROP TABLE IF EXISTS exports;
CREATE TABLE exports (
  marketid TINYINT(4) NOT NULL,
  yearid TINYINT(4) NOT NULL,
  monthid TINYINT(4) NOT NULL,
  totalexportsweight TINYINT(4) NOT NULL
)
ENGINE = MYISAM
CHARACTER SET latin1
COLLATE latin1_swedish_ci;

--
-- Definition for table faqs
--
DROP TABLE IF EXISTS faqs;
CREATE TABLE faqs (
  id BIGINT(20) NOT NULL,
  question VARBINARY(255) DEFAULT NULL,
  answer TEXT DEFAULT NULL,
  positionid INT(11) DEFAULT NULL,
  statusid INT(11) DEFAULT NULL,
  PRIMARY KEY (id)
)
ENGINE = INNODB
AVG_ROW_LENGTH = 8192
CHARACTER SET latin1
COLLATE latin1_swedish_ci;

--
-- Definition for table featured
--
DROP TABLE IF EXISTS featured;
CREATE TABLE featured (
  id BIGINT(20) NOT NULL,
  title VARCHAR(255) DEFAULT NULL,
  PRIMARY KEY (id)
)
ENGINE = INNODB
AVG_ROW_LENGTH = 8192
CHARACTER SET latin1
COLLATE latin1_swedish_ci;

--
-- Definition for table fleetevolution
--
DROP TABLE IF EXISTS fleetevolution;
CREATE TABLE fleetevolution (
  id BIGINT(20) NOT NULL AUTO_INCREMENT,
  transportmodeid BIGINT(20) DEFAULT NULL,
  stakeholderid BIGINT(20) DEFAULT NULL,
  regcountryid VARBINARY(255) DEFAULT NULL,
  modecarriertypeid BIGINT(20) DEFAULT NULL,
  capacity VARCHAR(255) DEFAULT NULL,
  nolicences INT(11) DEFAULT NULL,
  transporter VARCHAR(255) DEFAULT NULL,
  canceled INT(11) DEFAULT NULL,
  yearid INT(11) DEFAULT NULL,
  monthid INT(11) DEFAULT NULL,
  PRIMARY KEY (id)
)
ENGINE = INNODB
AUTO_INCREMENT = 21
AVG_ROW_LENGTH = 136
CHARACTER SET latin1
CHECKSUM = 1
COLLATE latin1_swedish_ci
DELAY_KEY_WRITE = 1
ROW_FORMAT = DYNAMIC;

--
-- Definition for table gpsdata
--
DROP TABLE IF EXISTS gpsdata;
CREATE TABLE gpsdata (
  id BIGINT(20) NOT NULL,
  gpsdeviceid BIGINT(20) DEFAULT NULL,
  latitude FLOAT(10, 6) DEFAULT NULL,
  longitude FLOAT(10, 6) DEFAULT NULL,
  altitude FLOAT(10, 6) DEFAULT NULL,
  date DATETIME DEFAULT NULL,
  tripid BIGINT(20) DEFAULT NULL,
  odometer FLOAT(10, 3) DEFAULT NULL,
  speed VARCHAR(255) DEFAULT NULL,
  address VARCHAR(255) DEFAULT NULL,
  gpsstatusid INT(11) DEFAULT NULL,
  PRIMARY KEY (id)
)
ENGINE = INNODB
AVG_ROW_LENGTH = 4096
CHARACTER SET latin1
COLLATE latin1_swedish_ci;

--
-- Definition for table gpsdevice
--
DROP TABLE IF EXISTS gpsdevice;
CREATE TABLE gpsdevice (
  id BIGINT(20) NOT NULL,
  title VARCHAR(255) DEFAULT NULL,
  code VARCHAR(255) DEFAULT NULL,
  description TEXT DEFAULT NULL,
  statusid INT(11) DEFAULT NULL,
  PRIMARY KEY (id)
)
ENGINE = INNODB
AVG_ROW_LENGTH = 16384
CHARACTER SET latin1
CHECKSUM = 1
COLLATE latin1_swedish_ci
DELAY_KEY_WRITE = 1
ROW_FORMAT = DYNAMIC;

--
-- Definition for table gpsstatus
--
DROP TABLE IF EXISTS gpsstatus;
CREATE TABLE gpsstatus (
  id BIGINT(20) NOT NULL,
  title VARCHAR(255) DEFAULT NULL,
  PRIMARY KEY (id)
)
ENGINE = INNODB
AVG_ROW_LENGTH = 5461
CHARACTER SET latin1
COLLATE latin1_swedish_ci;

--
-- Definition for table graphtype
--
DROP TABLE IF EXISTS graphtype;
CREATE TABLE graphtype (
  id BIGINT(20) NOT NULL,
  title VARCHAR(255) DEFAULT NULL,
  code VARCHAR(255) DEFAULT NULL,
  PRIMARY KEY (id)
)
ENGINE = INNODB
AVG_ROW_LENGTH = 3276
CHARACTER SET latin1
COLLATE latin1_swedish_ci;

--
-- Definition for table hashtable
--
DROP TABLE IF EXISTS hashtable;
CREATE TABLE hashtable (
  id BIGINT(20) NOT NULL,
  `key` VARCHAR(255) DEFAULT NULL,
  value VARCHAR(255) DEFAULT NULL,
  PRIMARY KEY (id)
)
ENGINE = INNODB
AVG_ROW_LENGTH = 819
CHARACTER SET latin1
COLLATE latin1_swedish_ci;

--
-- Definition for table imports
--
DROP TABLE IF EXISTS imports;
CREATE TABLE imports (
  marketid TINYINT(4) NOT NULL,
  yearid TINYINT(4) NOT NULL,
  monthid TINYINT(4) NOT NULL,
  totalimportweight TINYINT(4) NOT NULL
)
ENGINE = MYISAM
CHARACTER SET latin1
COLLATE latin1_swedish_ci;

--
-- Definition for table importsexports
--
DROP TABLE IF EXISTS importsexports;
CREATE TABLE importsexports (
  yearid TINYINT(4) NOT NULL,
  monthid TINYINT(4) NOT NULL,
  totalimportweight TINYINT(4) NOT NULL,
  totalexportsweight TINYINT(4) NOT NULL,
  reportingperiodid TINYINT(4) NOT NULL
)
ENGINE = MYISAM
CHARACTER SET latin1
COLLATE latin1_swedish_ci;

--
-- Definition for table indicator
--
DROP TABLE IF EXISTS indicator;
CREATE TABLE indicator (
  id BIGINT(20) NOT NULL,
  title VARCHAR(255) DEFAULT NULL,
  indicatorgroupid BIGINT(20) DEFAULT NULL,
  indicatorsourceid BIGINT(20) DEFAULT NULL,
  provider VARCHAR(255) DEFAULT NULL,
  disaggregationid BIGINT(20) DEFAULT NULL,
  summary TEXT DEFAULT NULL,
  positionid INT(11) DEFAULT NULL,
  statusid BIGINT(20) DEFAULT NULL,
  PRIMARY KEY (id)
)
ENGINE = INNODB
AVG_ROW_LENGTH = 819
CHARACTER SET latin1
COLLATE latin1_swedish_ci;

--
-- Definition for table indicator_copy
--
DROP TABLE IF EXISTS indicator_copy;
CREATE TABLE indicator_copy (
  id BIGINT(20) NOT NULL,
  title VARCHAR(255) DEFAULT NULL,
  indicatorgroupid BIGINT(20) DEFAULT NULL,
  indicatorsourceid BIGINT(20) DEFAULT NULL,
  provider VARCHAR(255) DEFAULT NULL,
  disaggregationid BIGINT(20) DEFAULT NULL,
  summary TEXT DEFAULT NULL,
  db VARCHAR(255) DEFAULT NULL,
  fields LONGTEXT DEFAULT NULL,
  filter LONGTEXT DEFAULT NULL,
  singlefilterfield LONGTEXT DEFAULT NULL,
  multifilterfield LONGTEXT DEFAULT NULL,
  groupby VARCHAR(255) DEFAULT NULL,
  orderby VARCHAR(255) DEFAULT NULL,
  `limit` INT(11) DEFAULT NULL,
  graphtypeid BIGINT(20) DEFAULT NULL,
  plotx VARCHAR(255) DEFAULT NULL,
  ploty VARCHAR(255) DEFAULT NULL,
  featuredid INT(11) DEFAULT NULL,
  statusid BIGINT(20) DEFAULT NULL,
  PRIMARY KEY (id)
)
ENGINE = INNODB
AVG_ROW_LENGTH = 819
CHARACTER SET latin1
COLLATE latin1_swedish_ci;

--
-- Definition for table indicator_copylatest
--
DROP TABLE IF EXISTS indicator_copylatest;
CREATE TABLE indicator_copylatest (
  id BIGINT(20) NOT NULL,
  title VARCHAR(255) DEFAULT NULL,
  indicatorgroupid BIGINT(20) DEFAULT NULL,
  indicatorsourceid BIGINT(20) DEFAULT NULL,
  provider VARCHAR(255) DEFAULT NULL,
  disaggregationid BIGINT(20) DEFAULT NULL,
  summary TEXT DEFAULT NULL,
  db VARCHAR(255) DEFAULT NULL,
  fields LONGTEXT DEFAULT NULL,
  filter LONGTEXT DEFAULT NULL,
  singlefilterfield LONGTEXT DEFAULT NULL,
  multifilterfield LONGTEXT DEFAULT NULL,
  groupby VARCHAR(255) DEFAULT NULL,
  orderby VARCHAR(255) DEFAULT NULL,
  `limit` INT(11) DEFAULT NULL,
  graphtypeid BIGINT(20) DEFAULT NULL,
  plotx VARCHAR(255) DEFAULT NULL,
  ploty VARCHAR(255) DEFAULT NULL,
  featuredid INT(11) DEFAULT NULL,
  statusid BIGINT(20) DEFAULT NULL,
  PRIMARY KEY (id)
)
ENGINE = INNODB
AVG_ROW_LENGTH = 819
CHARACTER SET latin1
COLLATE latin1_swedish_ci;

--
-- Definition for table indicatorgroup
--
DROP TABLE IF EXISTS indicatorgroup;
CREATE TABLE indicatorgroup (
  id BIGINT(20) NOT NULL,
  title VARCHAR(255) DEFAULT NULL,
  statusid INT(11) DEFAULT NULL,
  PRIMARY KEY (id)
)
ENGINE = INNODB
AVG_ROW_LENGTH = 4096
CHARACTER SET latin1
COLLATE latin1_swedish_ci;

--
-- Definition for table indicatorsource
--
DROP TABLE IF EXISTS indicatorsource;
CREATE TABLE indicatorsource (
  id BIGINT(20) NOT NULL,
  title VARCHAR(255) DEFAULT NULL,
  PRIMARY KEY (id)
)
ENGINE = INNODB
AVG_ROW_LENGTH = 4096
CHARACTER SET latin1
COLLATE latin1_swedish_ci;

--
-- Definition for table indicatorsubtype
--
DROP TABLE IF EXISTS indicatorsubtype;
CREATE TABLE indicatorsubtype (
  id BIGINT(20) NOT NULL,
  indicatorid BIGINT(20) DEFAULT NULL,
  indicatortypeid BIGINT(20) DEFAULT NULL,
  db VARCHAR(255) DEFAULT NULL,
  fields LONGTEXT DEFAULT NULL,
  filter LONGTEXT DEFAULT NULL,
  singlefilterfield LONGTEXT DEFAULT NULL,
  multifilterfield LONGTEXT DEFAULT NULL,
  groupby VARCHAR(255) DEFAULT NULL,
  orderby VARCHAR(255) DEFAULT NULL,
  `limit` INT(11) DEFAULT NULL,
  graphtypeid BIGINT(20) DEFAULT NULL,
  plotx VARCHAR(255) DEFAULT NULL,
  ploty VARCHAR(255) DEFAULT NULL,
  featuredid INT(11) DEFAULT NULL,
  statusid BIGINT(20) DEFAULT NULL,
  PRIMARY KEY (id)
)
ENGINE = INNODB
AVG_ROW_LENGTH = 819
CHARACTER SET latin1
COLLATE latin1_swedish_ci;

--
-- Definition for table indicatortype
--
DROP TABLE IF EXISTS indicatortype;
CREATE TABLE indicatortype (
  id BIGINT(20) DEFAULT NULL,
  title VARCHAR(255) DEFAULT NULL
)
ENGINE = INNODB
AVG_ROW_LENGTH = 5461
CHARACTER SET latin1
COLLATE latin1_swedish_ci;

--
-- Definition for table indicatorview
--
DROP TABLE IF EXISTS indicatorview;
CREATE TABLE indicatorview (
  id BIGINT(20) NOT NULL,
  title VARCHAR(255) DEFAULT NULL,
  field VARCHAR(255) DEFAULT NULL,
  statusid INT(11) DEFAULT NULL,
  PRIMARY KEY (id)
)
ENGINE = INNODB
AVG_ROW_LENGTH = 4096
CHARACTER SET latin1
CHECKSUM = 1
COLLATE latin1_swedish_ci
DELAY_KEY_WRITE = 1
ROW_FORMAT = DYNAMIC;

--
-- Definition for table infrastructure
--
DROP TABLE IF EXISTS infrastructure;
CREATE TABLE infrastructure (
  countryid TINYINT(4) NOT NULL,
  transportmodeid TINYINT(4) NOT NULL,
  route TINYINT(4) NOT NULL,
  routestart TINYINT(4) NOT NULL,
  routeend TINYINT(4) NOT NULL,
  routedistance TINYINT(4) NOT NULL,
  section TINYINT(4) NOT NULL,
  sectionstart TINYINT(4) NOT NULL,
  sectionend TINYINT(4) NOT NULL,
  sectiondistance TINYINT(4) NOT NULL,
  subsection TINYINT(4) NOT NULL,
  subsectionstart TINYINT(4) NOT NULL,
  subsectionend TINYINT(4) NOT NULL,
  statedistance TINYINT(4) NOT NULL,
  routeid TINYINT(4) NOT NULL,
  sectionid TINYINT(4) NOT NULL,
  routesubsectionid TINYINT(4) NOT NULL,
  yearid TINYINT(4) NOT NULL,
  monthid TINYINT(4) NOT NULL,
  qualitativeid TINYINT(4) NOT NULL,
  description TINYINT(4) NOT NULL,
  statepercent TINYINT(4) NOT NULL
)
ENGINE = MYISAM
CHARACTER SET latin1
COLLATE latin1_swedish_ci;

--
-- Definition for table language
--
DROP TABLE IF EXISTS language;
CREATE TABLE language (
  id BIGINT(20) NOT NULL,
  title VARCHAR(255) DEFAULT NULL,
  code VARCHAR(255) DEFAULT NULL,
  statusid INT(11) DEFAULT NULL,
  PRIMARY KEY (id)
)
ENGINE = INNODB
AVG_ROW_LENGTH = 8192
CHARACTER SET latin1
COLLATE latin1_swedish_ci;

--
-- Definition for table licencequarterly
--
DROP TABLE IF EXISTS licencequarterly;
CREATE TABLE licencequarterly (
  yearid TINYINT(4) NOT NULL,
  reportingperiodid TINYINT(4) NOT NULL,
  transportmodeid TINYINT(4) NOT NULL,
  stakeholderid TINYINT(4) NOT NULL,
  modecarriertypeid TINYINT(4) NOT NULL,
  regcountryid TINYINT(4) NOT NULL,
  capacity TINYINT(4) NOT NULL,
  licences TINYINT(4) NOT NULL,
  cancelled TINYINT(4) NOT NULL
)
ENGINE = MYISAM
CHARACTER SET latin1
COLLATE latin1_swedish_ci;

--
-- Definition for table licencesannual
--
DROP TABLE IF EXISTS licencesannual;
CREATE TABLE licencesannual (
  yearid TINYINT(4) NOT NULL,
  transportmodeid TINYINT(4) NOT NULL,
  stakeholderid TINYINT(4) NOT NULL,
  modecarriertypeid TINYINT(4) NOT NULL,
  regcountryid TINYINT(4) NOT NULL,
  capacity TINYINT(4) NOT NULL,
  licences TINYINT(4) NOT NULL,
  cancelled TINYINT(4) NOT NULL
)
ENGINE = MYISAM
CHARACTER SET latin1
COLLATE latin1_swedish_ci;

--
-- Definition for table licencesmonthly
--
DROP TABLE IF EXISTS licencesmonthly;
CREATE TABLE licencesmonthly (
  yearid TINYINT(4) NOT NULL,
  monthid TINYINT(4) NOT NULL,
  transportmodeid TINYINT(4) NOT NULL,
  stakeholderid TINYINT(4) NOT NULL,
  modecarriertypeid TINYINT(4) NOT NULL,
  regcountryid TINYINT(4) NOT NULL,
  capacity TINYINT(4) NOT NULL,
  licences TINYINT(4) NOT NULL,
  cancelled TINYINT(4) NOT NULL
)
ENGINE = MYISAM
CHARACTER SET latin1
COLLATE latin1_swedish_ci;

--
-- Definition for table location
--
DROP TABLE IF EXISTS location;
CREATE TABLE location (
  id BIGINT(20) NOT NULL,
  title VARCHAR(255) DEFAULT NULL,
  routesectionid BIGINT(20) DEFAULT NULL,
  countryid VARCHAR(255) DEFAULT NULL,
  geopoint VARCHAR(255) DEFAULT NULL,
  altitude VARCHAR(255) DEFAULT NULL,
  PRIMARY KEY (id)
)
ENGINE = INNODB
AVG_ROW_LENGTH = 819
CHARACTER SET latin1
CHECKSUM = 1
COLLATE latin1_swedish_ci
DELAY_KEY_WRITE = 1
ROW_FORMAT = DYNAMIC;

--
-- Definition for table mailinglist
--
DROP TABLE IF EXISTS mailinglist;
CREATE TABLE mailinglist (
  id BIGINT(20) NOT NULL,
  name VARCHAR(255) DEFAULT NULL,
  email VARCHAR(255) DEFAULT NULL,
  date DATETIME DEFAULT NULL,
  PRIMARY KEY (id)
)
ENGINE = INNODB
AVG_ROW_LENGTH = 819
CHARACTER SET latin1
COLLATE latin1_swedish_ci;

--
-- Definition for table mainfeature
--
DROP TABLE IF EXISTS mainfeature;
CREATE TABLE mainfeature (
  id BIGINT(20) NOT NULL,
  title VARCHAR(255) DEFAULT NULL,
  summary TEXT DEFAULT NULL,
  image VARCHAR(255) DEFAULT NULL,
  url VARCHAR(255) DEFAULT NULL,
  statusid INT(11) DEFAULT NULL,
  PRIMARY KEY (id)
)
ENGINE = INNODB
AVG_ROW_LENGTH = 16384
CHARACTER SET latin1
COLLATE latin1_swedish_ci;

--
-- Definition for table market
--
DROP TABLE IF EXISTS market;
CREATE TABLE market (
  id BIGINT(20) NOT NULL,
  title VARCHAR(255) CHARACTER SET utf8 COLLATE utf8_general_ci DEFAULT NULL,
  PRIMARY KEY (id)
)
ENGINE = INNODB
AVG_ROW_LENGTH = 4096
CHARACTER SET latin1
COLLATE latin1_swedish_ci;

--
-- Definition for table menu
--
DROP TABLE IF EXISTS menu;
CREATE TABLE menu (
  id BIGINT(20) NOT NULL,
  title VARCHAR(255) DEFAULT NULL,
  PRIMARY KEY (id)
)
ENGINE = INNODB
AVG_ROW_LENGTH = 5461
CHARACTER SET latin1
COLLATE latin1_swedish_ci;

--
-- Definition for table modecarrier
--
DROP TABLE IF EXISTS modecarrier;
CREATE TABLE modecarrier (
  id BIGINT(20) NOT NULL,
  title VARCHAR(255) CHARACTER SET utf8 COLLATE utf8_general_ci DEFAULT NULL,
  PRIMARY KEY (id)
)
ENGINE = INNODB
AVG_ROW_LENGTH = 16384
CHARACTER SET latin1
COLLATE latin1_swedish_ci;

--
-- Definition for table modecarriermake
--
DROP TABLE IF EXISTS modecarriermake;
CREATE TABLE modecarriermake (
  id BIGINT(20) NOT NULL,
  title VARCHAR(255) DEFAULT NULL,
  PRIMARY KEY (id)
)
ENGINE = INNODB
CHARACTER SET latin1
CHECKSUM = 1
COLLATE latin1_swedish_ci
DELAY_KEY_WRITE = 1
ROW_FORMAT = DYNAMIC;

--
-- Definition for table modecarriermodel
--
DROP TABLE IF EXISTS modecarriermodel;
CREATE TABLE modecarriermodel (
  id BIGINT(20) NOT NULL,
  title VARCHAR(255) DEFAULT NULL,
  modecarriermakeid BIGINT(20) DEFAULT NULL,
  PRIMARY KEY (id)
)
ENGINE = INNODB
CHARACTER SET latin1
CHECKSUM = 1
COLLATE latin1_swedish_ci
DELAY_KEY_WRITE = 1
ROW_FORMAT = DYNAMIC;

--
-- Definition for table modecarriertype
--
DROP TABLE IF EXISTS modecarriertype;
CREATE TABLE modecarriertype (
  id BIGINT(20) NOT NULL,
  title VARCHAR(255) CHARACTER SET utf8 COLLATE utf8_general_ci DEFAULT NULL,
  PRIMARY KEY (id)
)
ENGINE = INNODB
AVG_ROW_LENGTH = 3276
CHARACTER SET latin1
COLLATE latin1_swedish_ci;

--
-- Definition for table month
--
DROP TABLE IF EXISTS month;
CREATE TABLE month (
  id INT(11) NOT NULL,
  title VARCHAR(255) DEFAULT NULL,
  reportingperiodid INT(11) DEFAULT NULL,
  PRIMARY KEY (id)
)
ENGINE = INNODB
AVG_ROW_LENGTH = 1365
CHARACTER SET latin1
CHECKSUM = 1
COLLATE latin1_swedish_ci
DELAY_KEY_WRITE = 1
ROW_FORMAT = DYNAMIC;

--
-- Definition for table news
--
DROP TABLE IF EXISTS news;
CREATE TABLE news (
  id BIGINT(20) NOT NULL,
  title VARCHAR(255) DEFAULT NULL,
  author VARCHAR(255) DEFAULT NULL,
  summary TEXT DEFAULT NULL,
  content TEXT DEFAULT NULL,
  url VARCHAR(255) DEFAULT NULL,
  date DATETIME DEFAULT NULL,
  statusid INT(11) DEFAULT NULL,
  PRIMARY KEY (id)
)
ENGINE = INNODB
AVG_ROW_LENGTH = 5120
CHARACTER SET latin1
COLLATE latin1_swedish_ci;

--
-- Definition for table node
--
DROP TABLE IF EXISTS node;
CREATE TABLE node (
  id BIGINT(20) NOT NULL,
  title VARCHAR(255) CHARACTER SET utf8 COLLATE utf8_general_ci DEFAULT NULL,
  nodetypeid BIGINT(20) DEFAULT NULL,
  countryid VARCHAR(255) DEFAULT NULL,
  routeid BIGINT(20) DEFAULT NULL,
  PRIMARY KEY (id)
)
ENGINE = INNODB
AVG_ROW_LENGTH = 819
CHARACTER SET latin1
COLLATE latin1_swedish_ci;

--
-- Definition for table nodecharge
--
DROP TABLE IF EXISTS nodecharge;
CREATE TABLE nodecharge (
  id BIGINT(20) NOT NULL,
  title VARCHAR(255) CHARACTER SET utf8 COLLATE utf8_general_ci DEFAULT NULL,
  charge DECIMAL(10, 2) DEFAULT NULL,
  nodeid BIGINT(20) DEFAULT NULL,
  transportmodeid BIGINT(20) DEFAULT NULL,
  PRIMARY KEY (id)
)
ENGINE = INNODB
CHARACTER SET latin1
COLLATE latin1_swedish_ci;

--
-- Definition for table nodecharges
--
DROP TABLE IF EXISTS nodecharges;
CREATE TABLE nodecharges (
  commonchargeid TINYINT(4) NOT NULL,
  routeid TINYINT(4) NOT NULL,
  transportmodeid TINYINT(4) NOT NULL,
  nodeid TINYINT(4) NOT NULL,
  subnodeid TINYINT(4) NOT NULL,
  nodetypeid TINYINT(4) NOT NULL,
  countryid TINYINT(4) NOT NULL,
  yearid TINYINT(4) NOT NULL,
  monthid TINYINT(4) NOT NULL,
  node TINYINT(4) NOT NULL,
  subenodecharge TINYINT(4) NOT NULL,
  charge TINYINT(4) NOT NULL
)
ENGINE = MYISAM
CHARACTER SET latin1
COLLATE latin1_swedish_ci;

--
-- Definition for table nodetype
--
DROP TABLE IF EXISTS nodetype;
CREATE TABLE nodetype (
  id BIGINT(20) NOT NULL,
  title VARCHAR(255) DEFAULT NULL,
  PRIMARY KEY (id)
)
ENGINE = INNODB
AVG_ROW_LENGTH = 2730
CHARACTER SET latin1
CHECKSUM = 1
COLLATE latin1_swedish_ci
DELAY_KEY_WRITE = 1
ROW_FORMAT = DYNAMIC;

--
-- Definition for table orgcountry
--
DROP TABLE IF EXISTS orgcountry;
CREATE TABLE orgcountry (
  id TINYINT(4) NOT NULL,
  title TINYINT(4) NOT NULL
)
ENGINE = MYISAM
CHARACTER SET latin1
COLLATE latin1_swedish_ci;

--
-- Definition for table page
--
DROP TABLE IF EXISTS page;
CREATE TABLE page (
  id BIGINT(20) NOT NULL,
  title VARCHAR(255) DEFAULT NULL,
  image VARCHAR(255) DEFAULT NULL,
  pageid BIGINT(20) DEFAULT NULL,
  content TEXT DEFAULT NULL,
  url VARCHAR(255) DEFAULT NULL,
  positionid BIGINT(20) DEFAULT NULL,
  menuid BIGINT(20) DEFAULT NULL,
  pagetypeid BIGINT(20) DEFAULT NULL,
  accesscontrol VARCHAR(4096) DEFAULT NULL,
  statusid INT(11) DEFAULT NULL,
  PRIMARY KEY (id),
  INDEX t (title)
)
ENGINE = INNODB
AVG_ROW_LENGTH = 819
CHARACTER SET latin1
COLLATE latin1_swedish_ci;

--
-- Definition for table pages
--
DROP TABLE IF EXISTS pages;
CREATE TABLE pages (
  id TINYINT(4) NOT NULL,
  title TINYINT(4) NOT NULL,
  pageid TINYINT(4) NOT NULL,
  menuid TINYINT(4) NOT NULL,
  image TINYINT(4) NOT NULL,
  positionid TINYINT(4) NOT NULL,
  url TINYINT(4) NOT NULL,
  content TINYINT(4) NOT NULL,
  statusid TINYINT(4) NOT NULL
)
ENGINE = MYISAM
CHARACTER SET latin1
COLLATE latin1_swedish_ci;

--
-- Definition for table pagetype
--
DROP TABLE IF EXISTS pagetype;
CREATE TABLE pagetype (
  id BIGINT(20) NOT NULL,
  title VARCHAR(255) DEFAULT NULL,
  PRIMARY KEY (id)
)
ENGINE = INNODB
AVG_ROW_LENGTH = 8192
CHARACTER SET latin1
COLLATE latin1_swedish_ci;

--
-- Definition for table permission
--
DROP TABLE IF EXISTS permission;
CREATE TABLE permission (
  id TINYINT(4) NOT NULL,
  title TINYINT(4) NOT NULL,
  pagetypeid TINYINT(4) NOT NULL,
  accesscontrol TINYINT(4) NOT NULL
)
ENGINE = MYISAM
CHARACTER SET latin1
COLLATE latin1_swedish_ci;

--
-- Definition for table portdwelltime
--
DROP TABLE IF EXISTS portdwelltime;
CREATE TABLE portdwelltime (
  yearid TINYINT(4) NOT NULL,
  monthid TINYINT(4) NOT NULL,
  hours TINYINT(4) NOT NULL
)
ENGINE = MYISAM
CHARACTER SET latin1
COLLATE latin1_swedish_ci;

--
-- Definition for table qualitative
--
DROP TABLE IF EXISTS qualitative;
CREATE TABLE qualitative (
  id BIGINT(20) NOT NULL,
  title VARCHAR(255) CHARACTER SET utf8 COLLATE utf8_general_ci DEFAULT NULL,
  description TEXT DEFAULT NULL,
  PRIMARY KEY (id)
)
ENGINE = INNODB
AVG_ROW_LENGTH = 1638
CHARACTER SET latin1
COLLATE latin1_swedish_ci;

--
-- Definition for table rcvcountry
--
DROP TABLE IF EXISTS rcvcountry;
CREATE TABLE rcvcountry (
  id TINYINT(4) NOT NULL,
  title TINYINT(4) NOT NULL
)
ENGINE = MYISAM
CHARACTER SET latin1
COLLATE latin1_swedish_ci;

--
-- Definition for table regcountry
--
DROP TABLE IF EXISTS regcountry;
CREATE TABLE regcountry (
  id TINYINT(4) NOT NULL,
  title TINYINT(4) NOT NULL,
  regionid TINYINT(4) NOT NULL
)
ENGINE = MYISAM
CHARACTER SET latin1
COLLATE latin1_swedish_ci;

--
-- Definition for table region
--
DROP TABLE IF EXISTS region;
CREATE TABLE region (
  id BIGINT(20) NOT NULL,
  title VARCHAR(255) DEFAULT NULL,
  PRIMARY KEY (id)
)
ENGINE = INNODB
AVG_ROW_LENGTH = 16384
CHARACTER SET latin1
CHECKSUM = 1
COLLATE latin1_swedish_ci
DELAY_KEY_WRITE = 1
ROW_FORMAT = DYNAMIC;

--
-- Definition for table reportingperiod
--
DROP TABLE IF EXISTS reportingperiod;
CREATE TABLE reportingperiod (
  id INT(11) NOT NULL,
  title VARCHAR(255) DEFAULT NULL,
  PRIMARY KEY (id)
)
ENGINE = INNODB
AVG_ROW_LENGTH = 4096
CHARACTER SET latin1
CHECKSUM = 1
COLLATE latin1_swedish_ci
DELAY_KEY_WRITE = 1
ROW_FORMAT = DYNAMIC;

--
-- Definition for table roadsurvey
--
DROP TABLE IF EXISTS roadsurvey;
CREATE TABLE roadsurvey (
  id BIGINT(20) NOT NULL AUTO_INCREMENT,
  formno VARCHAR(255) DEFAULT NULL,
  surveyid BIGINT(20) DEFAULT NULL,
  supervisorid BIGINT(20) DEFAULT NULL,
  driver VARCHAR(255) DEFAULT NULL,
  driverage INT(11) DEFAULT NULL,
  cargotyform VARCHAR(255) DEFAULT NULL,
  cargodescription VARCHAR(255) DEFAULT NULL,
  weight DECIMAL(10, 0) DEFAULT NULL,
  containterno VARCHAR(255) DEFAULT NULL,
  consignmentno VARCHAR(255) DEFAULT NULL,
  marketid BIGINT(20) DEFAULT NULL,
  origin VARCHAR(255) DEFAULT NULL,
  destination VARCHAR(255) DEFAULT NULL,
  transportmodeid BIGINT(20) DEFAULT NULL,
  vehicletype VARCHAR(255) DEFAULT NULL,
  vehiclemake VARCHAR(255) DEFAULT NULL,
  vehiclemodel VARCHAR(255) DEFAULT NULL,
  regcountryid VARCHAR(255) DEFAULT NULL,
  carrierregno VARCHAR(255) DEFAULT NULL,
  trailerregno VARCHAR(255) DEFAULT NULL,
  axles VARCHAR(255) DEFAULT NULL,
  issuedate DATE DEFAULT NULL,
  permitdate DATETIME DEFAULT NULL,
  loadingdate DATETIME DEFAULT NULL,
  departuredate DATETIME DEFAULT NULL,
  destinationdate DATETIME DEFAULT NULL,
  arrivaldate DATETIME DEFAULT NULL,
  PRIMARY KEY (id)
)
ENGINE = INNODB
AUTO_INCREMENT = 21
AVG_ROW_LENGTH = 16384
CHARACTER SET latin1
COLLATE latin1_swedish_ci;

--
-- Definition for table roadsurveyactivity
--
DROP TABLE IF EXISTS roadsurveyactivity;
CREATE TABLE roadsurveyactivity (
  id BIGINT(20) NOT NULL AUTO_INCREMENT,
  formmo VARCHAR(255) DEFAULT NULL,
  traveldirection VARCHAR(255) DEFAULT NULL,
  stopid BIGINT(20) DEFAULT NULL,
  stoplocation VARCHAR(255) DEFAULT NULL,
  routesectioncode VARCHAR(255) DEFAULT NULL,
  stopreasoncode VARCHAR(255) DEFAULT NULL,
  stopdate DATETIME DEFAULT NULL,
  resumedate DATETIME DEFAULT NULL,
  feeamount VARCHAR(255) DEFAULT NULL,
  servicefee VARCHAR(255) DEFAULT NULL,
  paymentcode VARCHAR(255) DEFAULT NULL,
  PRIMARY KEY (id)
)
ENGINE = INNODB
AUTO_INCREMENT = 21
AVG_ROW_LENGTH = 819
CHARACTER SET latin1
CHECKSUM = 1
COLLATE latin1_swedish_ci
DELAY_KEY_WRITE = 1
ROW_FORMAT = DYNAMIC;

--
-- Definition for table roadsurveyfee
--
DROP TABLE IF EXISTS roadsurveyfee;
CREATE TABLE roadsurveyfee (
  id BIGINT(20) NOT NULL,
  fee DECIMAL(10, 0) DEFAULT NULL,
  PRIMARY KEY (id)
)
ENGINE = INNODB
CHARACTER SET latin1
CHECKSUM = 1
COLLATE latin1_swedish_ci
DELAY_KEY_WRITE = 1
ROW_FORMAT = DYNAMIC;

--
-- Definition for table route
--
DROP TABLE IF EXISTS route;
CREATE TABLE route (
  id BIGINT(20) NOT NULL,
  title VARCHAR(255) CHARACTER SET utf8 COLLATE utf8_general_ci DEFAULT NULL,
  transportmodeid BIGINT(20) DEFAULT NULL,
  startpoint VARCHAR(255) CHARACTER SET utf8 COLLATE utf8_general_ci DEFAULT NULL,
  endpoint VARCHAR(255) CHARACTER SET utf8 COLLATE utf8_general_ci DEFAULT NULL,
  countryid VARCHAR(255) CHARACTER SET utf8 COLLATE utf8_general_ci DEFAULT NULL,
  distance VARCHAR(255) CHARACTER SET utf8 COLLATE utf8_general_ci DEFAULT NULL,
  PRIMARY KEY (id)
)
ENGINE = INNODB
AVG_ROW_LENGTH = 819
CHARACTER SET latin1
COLLATE latin1_swedish_ci;

--
-- Definition for table routecharge
--
DROP TABLE IF EXISTS routecharge;
CREATE TABLE routecharge (
  id BIGINT(20) NOT NULL,
  title VARCHAR(255) CHARACTER SET utf8 COLLATE utf8_general_ci DEFAULT NULL,
  commonchargeid BIGINT(20) DEFAULT NULL,
  chargetypeid BIGINT(20) DEFAULT NULL,
  routeid BIGINT(20) DEFAULT NULL,
  transportmodeid BIGINT(20) DEFAULT NULL,
  monthid BIGINT(20) DEFAULT NULL,
  yearid BIGINT(20) DEFAULT NULL,
  charge DECIMAL(10, 0) DEFAULT NULL,
  PRIMARY KEY (id)
)
ENGINE = INNODB
AVG_ROW_LENGTH = 1024
CHARACTER SET latin1
COLLATE latin1_swedish_ci;

--
-- Definition for table routecharges
--
DROP TABLE IF EXISTS routecharges;
CREATE TABLE routecharges (
  commonchargeid TINYINT(4) NOT NULL,
  routecharge TINYINT(4) NOT NULL,
  routeid TINYINT(4) NOT NULL,
  transportmodeid TINYINT(4) NOT NULL,
  monthid TINYINT(4) NOT NULL,
  yearid TINYINT(4) NOT NULL,
  route TINYINT(4) NOT NULL,
  countryid TINYINT(4) NOT NULL,
  charge TINYINT(4) NOT NULL
)
ENGINE = MYISAM
CHARACTER SET latin1
COLLATE latin1_swedish_ci;

--
-- Definition for table routes
--
DROP TABLE IF EXISTS routes;
CREATE TABLE routes (
  countryid TINYINT(4) NOT NULL,
  transportmodeid TINYINT(4) NOT NULL,
  route TINYINT(4) NOT NULL,
  routestart TINYINT(4) NOT NULL,
  routeend TINYINT(4) NOT NULL,
  routedistance TINYINT(4) NOT NULL,
  section TINYINT(4) NOT NULL,
  sectionstart TINYINT(4) NOT NULL,
  sectionend TINYINT(4) NOT NULL,
  sectiondistance TINYINT(4) NOT NULL,
  subsection TINYINT(4) NOT NULL,
  subsectionstart TINYINT(4) NOT NULL,
  subsectionend TINYINT(4) NOT NULL,
  subsectiondistance TINYINT(4) NOT NULL,
  routeid TINYINT(4) NOT NULL,
  sectionid TINYINT(4) NOT NULL,
  subsectionid TINYINT(4) NOT NULL
)
ENGINE = MYISAM
CHARACTER SET latin1
COLLATE latin1_swedish_ci;

--
-- Definition for table routesection
--
DROP TABLE IF EXISTS routesection;
CREATE TABLE routesection (
  id BIGINT(20) NOT NULL,
  title VARCHAR(255) CHARACTER SET utf8 COLLATE utf8_general_ci DEFAULT NULL,
  routeid BIGINT(20) DEFAULT NULL,
  startpoint VARCHAR(255) CHARACTER SET utf8 COLLATE utf8_general_ci DEFAULT NULL,
  endpoint VARCHAR(255) CHARACTER SET utf8 COLLATE utf8_general_ci DEFAULT NULL,
  distance DECIMAL(6, 2) DEFAULT NULL,
  PRIMARY KEY (id)
)
ENGINE = INNODB
AVG_ROW_LENGTH = 819
CHARACTER SET latin1
COLLATE latin1_swedish_ci;

--
-- Definition for table routesectioncharge
--
DROP TABLE IF EXISTS routesectioncharge;
CREATE TABLE routesectioncharge (
  id BIGINT(20) NOT NULL,
  title VARCHAR(255) CHARACTER SET utf8 COLLATE utf8_general_ci DEFAULT NULL,
  routesectionid BIGINT(20) DEFAULT NULL,
  transportmodeid BIGINT(20) DEFAULT NULL,
  charge DECIMAL(10, 0) DEFAULT NULL,
  PRIMARY KEY (id)
)
ENGINE = INNODB
CHARACTER SET latin1
COLLATE latin1_swedish_ci;

--
-- Definition for table routesnsections
--
DROP TABLE IF EXISTS routesnsections;
CREATE TABLE routesnsections (
  Country TINYINT(4) NOT NULL,
  Route TINYINT(4) NOT NULL,
  RouteStartpoint TINYINT(4) NOT NULL,
  RouteEndpoint TINYINT(4) NOT NULL,
  Section TINYINT(4) NOT NULL,
  SectionStartpoint TINYINT(4) NOT NULL,
  SectionEndpoint TINYINT(4) NOT NULL,
  `SectionDistance(KM)` TINYINT(4) NOT NULL
)
ENGINE = MYISAM
CHARACTER SET latin1
COLLATE latin1_swedish_ci;

--
-- Definition for table routestate
--
DROP TABLE IF EXISTS routestate;
CREATE TABLE routestate (
  id BIGINT(20) NOT NULL,
  qualitativeid BIGINT(20) DEFAULT NULL,
  routesubsectionid BIGINT(20) DEFAULT NULL,
  transportmodeid BIGINT(20) DEFAULT NULL,
  description TEXT DEFAULT NULL,
  monthid INT(11) DEFAULT NULL,
  yearid INT(11) DEFAULT NULL,
  PRIMARY KEY (id)
)
ENGINE = INNODB
AVG_ROW_LENGTH = 819
CHARACTER SET latin1
CHECKSUM = 1
COLLATE latin1_swedish_ci
DELAY_KEY_WRITE = 1
ROW_FORMAT = DYNAMIC;

--
-- Definition for table routesubsection
--
DROP TABLE IF EXISTS routesubsection;
CREATE TABLE routesubsection (
  id BIGINT(20) NOT NULL,
  title VARCHAR(255) DEFAULT NULL,
  routesectionid BIGINT(20) DEFAULT NULL,
  startpoint VARCHAR(255) DEFAULT NULL,
  endpoint VARCHAR(255) DEFAULT NULL,
  distance DECIMAL(6, 2) DEFAULT NULL,
  PRIMARY KEY (id)
)
ENGINE = INNODB
AVG_ROW_LENGTH = 819
CHARACTER SET latin1
COLLATE latin1_swedish_ci;

--
-- Definition for table rsorigindestination
--
DROP TABLE IF EXISTS rsorigindestination;
CREATE TABLE rsorigindestination (
  yearid TINYINT(4) NOT NULL,
  monthid TINYINT(4) NOT NULL,
  countryid TINYINT(4) NOT NULL,
  destination TINYINT(4) NOT NULL,
  Counts TINYINT(4) NOT NULL,
  days TINYINT(4) NOT NULL,
  mindays TINYINT(4) NOT NULL,
  maxdays TINYINT(4) NOT NULL
)
ENGINE = MYISAM
CHARACTER SET latin1
COLLATE latin1_swedish_ci;

--
-- Definition for table rsweighbridge
--
DROP TABLE IF EXISTS rsweighbridge;
CREATE TABLE rsweighbridge (
  yearid TINYINT(4) NOT NULL,
  monthid TINYINT(4) NOT NULL,
  stoplocation TINYINT(4) NOT NULL,
  Counts TINYINT(4) NOT NULL,
  minutes TINYINT(4) NOT NULL,
  minminutes TINYINT(4) NOT NULL,
  maxminutes TINYINT(4) NOT NULL
)
ENGINE = MYISAM
CHARACTER SET latin1
COLLATE latin1_swedish_ci;

--
-- Definition for table safetycategory
--
DROP TABLE IF EXISTS safetycategory;
CREATE TABLE safetycategory (
  id BIGINT(20) NOT NULL,
  title VARCHAR(255) DEFAULT NULL,
  PRIMARY KEY (id)
)
ENGINE = INNODB
AVG_ROW_LENGTH = 1365
CHARACTER SET latin1
COLLATE latin1_swedish_ci;

--
-- Definition for table safetysubcategory
--
DROP TABLE IF EXISTS safetysubcategory;
CREATE TABLE safetysubcategory (
  id BIGINT(20) NOT NULL,
  title VARCHAR(255) DEFAULT NULL,
  safetycategoryid BIGINT(20) DEFAULT NULL,
  PRIMARY KEY (id)
)
ENGINE = INNODB
AVG_ROW_LENGTH = 819
CHARACTER SET latin1
CHECKSUM = 1
COLLATE latin1_swedish_ci
DELAY_KEY_WRITE = 1
ROW_FORMAT = DYNAMIC;

--
-- Definition for table session
--
DROP TABLE IF EXISTS session;
CREATE TABLE session (
  id BIGINT(20) NOT NULL,
  username VARCHAR(255) DEFAULT NULL,
  accountid BIGINT(20) DEFAULT NULL,
  db VARCHAR(255) DEFAULT NULL,
  session VARCHAR(255) DEFAULT NULL,
  logindate DATETIME DEFAULT NULL,
  enddate DATETIME DEFAULT NULL,
  ip VARCHAR(255) DEFAULT NULL,
  host VARCHAR(255) DEFAULT NULL,
  agent VARCHAR(2048) DEFAULT NULL,
  PRIMARY KEY (id)
)
ENGINE = INNODB
CHARACTER SET latin1
COLLATE latin1_swedish_ci;

--
-- Definition for table shorturl
--
DROP TABLE IF EXISTS shorturl;
CREATE TABLE shorturl (
  id BIGINT(20) NOT NULL,
  shorturl VARCHAR(255) DEFAULT NULL,
  longurl TEXT DEFAULT NULL,
  date DATETIME DEFAULT NULL,
  PRIMARY KEY (id)
)
ENGINE = INNODB
CHARACTER SET latin1
COLLATE latin1_swedish_ci;

--
-- Definition for table source
--
DROP TABLE IF EXISTS source;
CREATE TABLE source (
  id BIGINT(20) NOT NULL,
  title VARCHAR(255) DEFAULT NULL,
  PRIMARY KEY (id)
)
ENGINE = INNODB
CHARACTER SET latin1
CHECKSUM = 1
COLLATE latin1_swedish_ci
DELAY_KEY_WRITE = 1
ROW_FORMAT = DYNAMIC;

--
-- Definition for table stakeholder
--
DROP TABLE IF EXISTS stakeholder;
CREATE TABLE stakeholder (
  id BIGINT(20) NOT NULL,
  title VARCHAR(255) DEFAULT NULL,
  countryid VARCHAR(255) DEFAULT NULL,
  stakeholdertypeid BIGINT(20) DEFAULT NULL,
  description TEXT DEFAULT NULL,
  email VARCHAR(255) DEFAULT NULL,
  website VARCHAR(255) DEFAULT NULL,
  positionid BIGINT(20) DEFAULT NULL,
  statusid INT(11) DEFAULT NULL,
  PRIMARY KEY (id)
)
ENGINE = INNODB
AVG_ROW_LENGTH = 819
CHARACTER SET latin1
CHECKSUM = 1
COLLATE latin1_swedish_ci
DELAY_KEY_WRITE = 1
ROW_FORMAT = DYNAMIC;

--
-- Definition for table stakeholdertype
--
DROP TABLE IF EXISTS stakeholdertype;
CREATE TABLE stakeholdertype (
  id INT(11) NOT NULL,
  title VARCHAR(255) DEFAULT NULL,
  PRIMARY KEY (id)
)
ENGINE = INNODB
AVG_ROW_LENGTH = 2340
CHARACTER SET latin1
CHECKSUM = 1
COLLATE latin1_swedish_ci
DELAY_KEY_WRITE = 1
ROW_FORMAT = DYNAMIC;

--
-- Definition for table status
--
DROP TABLE IF EXISTS status;
CREATE TABLE status (
  id BIGINT(20) NOT NULL,
  title VARCHAR(255) DEFAULT NULL,
  PRIMARY KEY (id),
  INDEX title (title)
)
ENGINE = INNODB
AVG_ROW_LENGTH = 8192
CHARACTER SET latin1
COLLATE latin1_swedish_ci;

--
-- Definition for table stopreason
--
DROP TABLE IF EXISTS stopreason;
CREATE TABLE stopreason (
  id BIGINT(20) NOT NULL,
  title VARCHAR(255) DEFAULT NULL,
  code VARCHAR(4) DEFAULT NULL,
  PRIMARY KEY (id)
)
ENGINE = INNODB
AVG_ROW_LENGTH = 4096
CHARACTER SET latin1
CHECKSUM = 1
COLLATE latin1_swedish_ci
DELAY_KEY_WRITE = 1
ROW_FORMAT = DYNAMIC;

--
-- Definition for table studycase
--
DROP TABLE IF EXISTS studycase;
CREATE TABLE studycase (
  id BIGINT(20) NOT NULL,
  title VARCHAR(255) DEFAULT NULL,
  description TEXT DEFAULT NULL,
  PRIMARY KEY (id)
)
ENGINE = INNODB
AVG_ROW_LENGTH = 5461
CHARACTER SET latin1
COLLATE latin1_swedish_ci;

--
-- Definition for table subject
--
DROP TABLE IF EXISTS subject;
CREATE TABLE subject (
  id BIGINT(20) NOT NULL,
  title VARCHAR(255) DEFAULT NULL,
  email VARCHAR(255) DEFAULT NULL,
  PRIMARY KEY (id)
)
ENGINE = INNODB
AVG_ROW_LENGTH = 8192
CHARACTER SET latin1
COLLATE latin1_swedish_ci;

--
-- Definition for table subnode
--
DROP TABLE IF EXISTS subnode;
CREATE TABLE subnode (
  id BIGINT(20) NOT NULL,
  title VARCHAR(255) CHARACTER SET utf8 COLLATE utf8_general_ci DEFAULT NULL,
  nodeid BIGINT(20) DEFAULT NULL,
  PRIMARY KEY (id)
)
ENGINE = INNODB
AVG_ROW_LENGTH = 819
CHARACTER SET latin1
COLLATE latin1_swedish_ci;

--
-- Definition for table subnodecharge
--
DROP TABLE IF EXISTS subnodecharge;
CREATE TABLE subnodecharge (
  id BIGINT(20) NOT NULL,
  title VARCHAR(255) DEFAULT NULL,
  commonchargeid BIGINT(20) DEFAULT NULL,
  chargetypeid BIGINT(20) DEFAULT NULL,
  routeid BIGINT(20) DEFAULT NULL,
  transportmodeid BIGINT(20) DEFAULT NULL,
  nodeid BIGINT(20) DEFAULT NULL,
  subnodeid BIGINT(20) DEFAULT NULL,
  monthid BIGINT(20) DEFAULT NULL,
  yearid BIGINT(20) DEFAULT NULL,
  charge VARCHAR(255) DEFAULT NULL,
  PRIMARY KEY (id)
)
ENGINE = INNODB
AVG_ROW_LENGTH = 2730
CHARACTER SET latin1
COLLATE latin1_swedish_ci;

--
-- Definition for table supervisor
--
DROP TABLE IF EXISTS supervisor;
CREATE TABLE supervisor (
  id BIGINT(20) NOT NULL,
  title VARCHAR(255) DEFAULT NULL,
  stakeholderid BIGINT(20) DEFAULT NULL,
  PRIMARY KEY (id)
)
ENGINE = INNODB
AVG_ROW_LENGTH = 5461
CHARACTER SET latin1
CHECKSUM = 1
COLLATE latin1_swedish_ci
DELAY_KEY_WRITE = 1
ROW_FORMAT = DYNAMIC;

--
-- Definition for table survey
--
DROP TABLE IF EXISTS survey;
CREATE TABLE survey (
  id BIGINT(20) DEFAULT NULL,
  title VARCHAR(255) DEFAULT NULL,
  description TEXT DEFAULT NULL
)
ENGINE = INNODB
AVG_ROW_LENGTH = 8192
CHARACTER SET latin1
CHECKSUM = 1
COLLATE latin1_swedish_ci
DELAY_KEY_WRITE = 1
ROW_FORMAT = DYNAMIC;

--
-- Definition for table totalcargo
--
DROP TABLE IF EXISTS totalcargo;
CREATE TABLE totalcargo (
  marketid TINYINT(4) NOT NULL,
  yearid TINYINT(4) NOT NULL,
  reportingperiodid TINYINT(4) NOT NULL,
  monthid TINYINT(4) NOT NULL,
  counts TINYINT(4) NOT NULL,
  Weight TINYINT(4) NOT NULL,
  AverWeight TINYINT(4) NOT NULL,
  MinWeight TINYINT(4) NOT NULL,
  MaxWeight TINYINT(4) NOT NULL
)
ENGINE = MYISAM
CHARACTER SET latin1
COLLATE latin1_swedish_ci;

--
-- Definition for table totalvstransitcargo
--
DROP TABLE IF EXISTS totalvstransitcargo;
CREATE TABLE totalvstransitcargo (
  marketid TINYINT(4) NOT NULL,
  yearid TINYINT(4) NOT NULL,
  monthid TINYINT(4) NOT NULL,
  reportingperiodid TINYINT(4) NOT NULL,
  counts TINYINT(4) NOT NULL,
  weight TINYINT(4) NOT NULL,
  transitCounts TINYINT(4) NOT NULL,
  transitWeight TINYINT(4) NOT NULL
)
ENGINE = MYISAM
CHARACTER SET latin1
COLLATE latin1_swedish_ci;

--
-- Definition for table transit
--
DROP TABLE IF EXISTS transit;
CREATE TABLE transit (
  id BIGINT(20) NOT NULL AUTO_INCREMENT,
  containerno VARCHAR(255) DEFAULT NULL,
  consignmentno VARCHAR(255) DEFAULT NULL,
  blnumber VARCHAR(255) DEFAULT NULL,
  manifestno VARCHAR(255) DEFAULT NULL,
  routeid BIGINT(20) DEFAULT NULL,
  subnodeid BIGINT(20) DEFAULT NULL,
  stakeholderid BIGINT(20) DEFAULT NULL,
  datein DATETIME DEFAULT NULL,
  dateout DATETIME DEFAULT NULL,
  monthid INT(11) DEFAULT NULL,
  yearid INT(11) DEFAULT NULL,
  marketid BIGINT(20) DEFAULT NULL,
  modecarriertypeid BIGINT(20) DEFAULT NULL,
  modecarrierregno VARCHAR(255) DEFAULT NULL,
  modecarriertraillerno VARCHAR(255) DEFAULT NULL,
  modecarriermark VARCHAR(255) DEFAULT NULL,
  PRIMARY KEY (id)
)
ENGINE = INNODB
AUTO_INCREMENT = 21
AVG_ROW_LENGTH = 89
CHARACTER SET latin1
CHECKSUM = 1
COLLATE latin1_swedish_ci
DELAY_KEY_WRITE = 1
ROW_FORMAT = DYNAMIC;

--
-- Definition for table transit_copy
--
DROP TABLE IF EXISTS transit_copy;
CREATE TABLE transit_copy (
  id BIGINT(20) NOT NULL AUTO_INCREMENT,
  containerno VARCHAR(255) DEFAULT NULL,
  consignmentno VARCHAR(255) DEFAULT NULL,
  blnumber VARCHAR(255) DEFAULT NULL,
  manifestno VARCHAR(255) DEFAULT NULL,
  subnodeid BIGINT(20) DEFAULT NULL,
  stakeholderid INT(11) DEFAULT NULL,
  datein DATETIME DEFAULT NULL,
  dateout DATETIME DEFAULT NULL,
  monthid INT(11) DEFAULT NULL,
  yearid INT(11) DEFAULT NULL,
  marketid INT(11) DEFAULT NULL,
  modecarriertypeid INT(11) DEFAULT NULL,
  modecarrierregno VARCHAR(255) DEFAULT NULL,
  modecarriertraillerno VARCHAR(255) DEFAULT NULL,
  modecarriermark VARCHAR(255) DEFAULT NULL,
  PRIMARY KEY (id)
)
ENGINE = INNODB
AUTO_INCREMENT = 2012032017202460042
AVG_ROW_LENGTH = 819
CHARACTER SET latin1
COLLATE latin1_swedish_ci;

--
-- Definition for table transitcargo
--
DROP TABLE IF EXISTS transitcargo;
CREATE TABLE transitcargo (
  marketid TINYINT(4) NOT NULL,
  yearid TINYINT(4) NOT NULL,
  reportingperiodid TINYINT(4) NOT NULL,
  monthid TINYINT(4) NOT NULL,
  counts TINYINT(4) NOT NULL,
  Weight TINYINT(4) NOT NULL,
  AverWeight TINYINT(4) NOT NULL,
  MinWeight TINYINT(4) NOT NULL,
  MaxWeight TINYINT(4) NOT NULL
)
ENGINE = MYISAM
CHARACTER SET latin1
COLLATE latin1_swedish_ci;

--
-- Definition for table transitcharge
--
DROP TABLE IF EXISTS transitcharge;
CREATE TABLE transitcharge (
  id BIGINT(20) NOT NULL,
  title VARCHAR(255) CHARACTER SET utf8 COLLATE utf8_general_ci DEFAULT NULL,
  commonchargeid BIGINT(20) DEFAULT NULL,
  transportmodeid BIGINT(20) DEFAULT NULL,
  routeid BIGINT(20) DEFAULT NULL,
  nodeid BIGINT(20) DEFAULT NULL,
  routechargeid BIGINT(20) DEFAULT NULL,
  nodechargeid BIGINT(20) DEFAULT NULL,
  Amount DECIMAL(10, 0) DEFAULT NULL,
  PRIMARY KEY (id)
)
ENGINE = INNODB
CHARACTER SET latin1
COLLATE latin1_swedish_ci;

--
-- Definition for table transitcontcargo
--
DROP TABLE IF EXISTS transitcontcargo;
CREATE TABLE transitcontcargo (
  monthid TINYINT(4) NOT NULL,
  reportingperiodid TINYINT(4) NOT NULL,
  yearid TINYINT(4) NOT NULL,
  counts TINYINT(4) NOT NULL,
  Weight TINYINT(4) NOT NULL
)
ENGINE = MYISAM
CHARACTER SET latin1
COLLATE latin1_swedish_ci;

--
-- Definition for table transitcontrate
--
DROP TABLE IF EXISTS transitcontrate;
CREATE TABLE transitcontrate (
  yearid TINYINT(4) NOT NULL,
  monthid TINYINT(4) NOT NULL,
  reportingperiodid TINYINT(4) NOT NULL,
  containerizedcounts TINYINT(4) NOT NULL,
  containerizedweight TINYINT(4) NOT NULL,
  transitcounts TINYINT(4) NOT NULL,
  transitweight TINYINT(4) NOT NULL
)
ENGINE = MYISAM
CHARACTER SET latin1
COLLATE latin1_swedish_ci;

--
-- Definition for table transitlocation
--
DROP TABLE IF EXISTS transitlocation;
CREATE TABLE transitlocation (
  id BIGINT(20) NOT NULL,
  title VARCHAR(255) DEFAULT NULL,
  latitude FLOAT(10, 6) DEFAULT NULL,
  longitude FLOAT(10, 6) DEFAULT NULL,
  transitpointid BIGINT(20) DEFAULT NULL,
  indicator LONGTEXT DEFAULT NULL,
  statusid INT(11) DEFAULT NULL,
  PRIMARY KEY (id)
)
ENGINE = INNODB
AVG_ROW_LENGTH = 1170
CHARACTER SET latin1
COLLATE latin1_swedish_ci;

--
-- Definition for table transitpoint
--
DROP TABLE IF EXISTS transitpoint;
CREATE TABLE transitpoint (
  id BIGINT(20) NOT NULL,
  title VARCHAR(255) DEFAULT NULL,
  image VARCHAR(255) DEFAULT NULL,
  statusid INT(11) DEFAULT NULL,
  PRIMARY KEY (id)
)
ENGINE = INNODB
AVG_ROW_LENGTH = 3276
CHARACTER SET latin1
COLLATE latin1_swedish_ci;

--
-- Definition for table translate
--
DROP TABLE IF EXISTS translate;
CREATE TABLE translate (
  id BIGINT(20) NOT NULL,
  `key` TEXT DEFAULT NULL,
  en TEXT DEFAULT NULL,
  fr TEXT DEFAULT NULL,
  ar TEXT DEFAULT NULL,
  sw TEXT DEFAULT NULL,
  el TEXT DEFAULT NULL,
  PRIMARY KEY (id),
  FULLTEXT INDEX `key` (`key`)
)
ENGINE = MYISAM
AVG_ROW_LENGTH = 79
CHARACTER SET latin1
COLLATE latin1_swedish_ci;

--
-- Definition for table transportcost
--
DROP TABLE IF EXISTS transportcost;
CREATE TABLE transportcost (
  yearid TINYINT(4) NOT NULL,
  monthid TINYINT(4) NOT NULL,
  transportmodeid TINYINT(4) NOT NULL,
  commonchargeid TINYINT(4) NOT NULL,
  routeid TINYINT(4) NOT NULL,
  chargetypeid TINYINT(4) NOT NULL,
  charge TINYINT(4) NOT NULL
)
ENGINE = MYISAM
CHARACTER SET latin1
COLLATE latin1_swedish_ci;

--
-- Definition for table transportmode
--
DROP TABLE IF EXISTS transportmode;
CREATE TABLE transportmode (
  id BIGINT(20) NOT NULL,
  title VARCHAR(255) CHARACTER SET utf8 COLLATE utf8_general_ci DEFAULT NULL,
  PRIMARY KEY (id)
)
ENGINE = INNODB
AVG_ROW_LENGTH = 5461
CHARACTER SET latin1
COLLATE latin1_swedish_ci;

--
-- Definition for table traveldirection
--
DROP TABLE IF EXISTS traveldirection;
CREATE TABLE traveldirection (
  id BIGINT(20) NOT NULL,
  title VARCHAR(255) DEFAULT NULL,
  description TEXT DEFAULT NULL,
  PRIMARY KEY (id)
)
ENGINE = INNODB
AVG_ROW_LENGTH = 8192
CHARACTER SET latin1
CHECKSUM = 1
COLLATE latin1_swedish_ci
DELAY_KEY_WRITE = 1
ROW_FORMAT = DYNAMIC;

--
-- Definition for table trip
--
DROP TABLE IF EXISTS trip;
CREATE TABLE trip (
  id BIGINT(20) NOT NULL,
  title VARCHAR(255) DEFAULT NULL,
  driverid BIGINT(20) DEFAULT NULL,
  orgcountryid VARCHAR(255) DEFAULT NULL,
  destcountryid VARCHAR(255) DEFAULT NULL,
  routeid BIGINT(20) DEFAULT NULL,
  gpsdeviceid BIGINT(20) DEFAULT NULL,
  modecarrierregno VARCHAR(255) DEFAULT NULL,
  odometer DECIMAL(10, 0) DEFAULT NULL,
  startdate DATETIME DEFAULT NULL,
  enddate DATETIME DEFAULT NULL,
  stakeholderid BIGINT(20) DEFAULT NULL,
  PRIMARY KEY (id)
)
ENGINE = INNODB
AVG_ROW_LENGTH = 16384
CHARACTER SET latin1
COLLATE latin1_swedish_ci;

--
-- Definition for table triproute
--
DROP TABLE IF EXISTS triproute;
CREATE TABLE triproute (
  id BIGINT(20) NOT NULL,
  title VARCHAR(255) CHARACTER SET utf8 COLLATE utf8_general_ci DEFAULT NULL,
  transportmodeid BIGINT(20) DEFAULT NULL,
  distance DECIMAL(10, 0) DEFAULT NULL,
  PRIMARY KEY (id)
)
ENGINE = INNODB
AVG_ROW_LENGTH = 2340
CHARACTER SET latin1
COLLATE latin1_swedish_ci;

--
-- Definition for table tripsurvey
--
DROP TABLE IF EXISTS tripsurvey;
CREATE TABLE tripsurvey (
  id BIGINT(20) NOT NULL,
  studycaseid BIGINT(20) DEFAULT NULL,
  stakeholderid VARCHAR(255) DEFAULT NULL,
  orgcountryid VARCHAR(255) DEFAULT NULL,
  destcountryid VARCHAR(255) DEFAULT NULL,
  triprouteid BIGINT(20) DEFAULT NULL,
  trips DECIMAL(10, 0) DEFAULT NULL,
  monthid BIGINT(20) DEFAULT NULL,
  yearid BIGINT(20) DEFAULT NULL,
  PRIMARY KEY (id)
)
ENGINE = INNODB
AVG_ROW_LENGTH = 16384
CHARACTER SET latin1
COLLATE latin1_swedish_ci;

--
-- Definition for table ura_trucks
--
DROP TABLE IF EXISTS ura_trucks;
CREATE TABLE ura_trucks (
  SN VARCHAR(255) DEFAULT NULL,
  `Truck number` VARCHAR(255) DEFAULT NULL,
  `Reciept Date` VARCHAR(255) DEFAULT NULL,
  reg_date DATE DEFAULT NULL
)
ENGINE = INNODB
AVG_ROW_LENGTH = 819
CHARACTER SET latin1
COLLATE latin1_swedish_ci;

--
-- Definition for table year
--
DROP TABLE IF EXISTS year;
CREATE TABLE year (
  id INT(8) NOT NULL,
  title VARCHAR(255) DEFAULT NULL,
  PRIMARY KEY (id),
  INDEX title (title)
)
ENGINE = INNODB
AVG_ROW_LENGTH = 2730
CHARACTER SET latin1
COLLATE latin1_swedish_ci;

--
-- Definition for view accesscontrol
--
DROP VIEW IF EXISTS accesscontrol CASCADE;
CREATE OR REPLACE 
	DEFINER = 'root'@'localhost'
VIEW accesscontrol
AS
	(select `account`.`id` AS `id`,`account`.`name` AS `title` from `account`) union all (select `accounttype`.`id` AS `id`,concat('ALL ',`accounttype`.`title`) AS `title` from `accounttype`);

--
-- Definition for view accidents
--
DROP VIEW IF EXISTS accidents CASCADE;
CREATE OR REPLACE 
	DEFINER = 'root'@'%'
VIEW accidents
AS
	select sum(`ncttca2`.`accident`.`adults`) AS `adults`,sum(`ncttca2`.`accident`.`children`) AS `children`,sum(`ncttca2`.`accident`.`male`) AS `male`,sum(`ncttca2`.`accident`.`female`) AS `female`,`ncttca2`.`accident`.`countryid` AS `countryid`,`ncttca2`.`accident`.`safetysubcategoryid` AS `safetysubcategoryid`,`ncttca2`.`accident`.`monthid` AS `monthid`,`ncttca2`.`accident`.`yearid` AS `yearid`,`ncttca2`.`accident`.`routesectionid` AS `routesectionid`,`ncttca2`.`safetysubcategory`.`safetycategoryid` AS `safetycategoryid`,sum((`ncttca2`.`accident`.`adults` + `ncttca2`.`accident`.`children`)) AS `fatalities` from ((`accident` left join `safetysubcategory` on((`ncttca2`.`accident`.`safetysubcategoryid` = `ncttca2`.`safetysubcategory`.`id`))) left join `safetycategory` on((`ncttca2`.`safetysubcategory`.`safetycategoryid` = `ncttca2`.`safetycategory`.`id`))) group by `ncttca2`.`accident`.`yearid`,`ncttca2`.`accident`.`monthid`,`ncttca2`.`accident`.`countryid`,`ncttca2`.`accident`.`routesectionid`,`ncttca2`.`safetysubcategory`.`safetycategoryid`,`ncttca2`.`accident`.`safetysubcategoryid`,`ncttca2`.`safetycategory`.`id`,`ncttca2`.`safetysubcategory`.`id` order by `ncttca2`.`accident`.`yearid`,`ncttca2`.`accident`.`monthid`,`ncttca2`.`accident`.`countryid`,`ncttca2`.`accident`.`routesectionid`,`ncttca2`.`safetysubcategory`.`safetycategoryid`,`ncttca2`.`accident`.`safetysubcategoryid`,sum(`ncttca2`.`accident`.`adults`),sum(`ncttca2`.`accident`.`children`),sum(`ncttca2`.`accident`.`male`),sum(`ncttca2`.`accident`.`female`),sum((`ncttca2`.`accident`.`adults` + `ncttca2`.`accident`.`children`));

--
-- Definition for view allcontcargo
--
DROP VIEW IF EXISTS allcontcargo CASCADE;
CREATE OR REPLACE 
	DEFINER = 'root'@'%'
VIEW allcontcargo
AS
	select `ncttca2`.`cargo`.`containertypeid` AS `containertypeid`,`ncttca2`.`cargo`.`yearid` AS `yearid`,`ncttca2`.`cargo`.`monthid` AS `monthid`,(min(`ncttca2`.`cargo`.`weight`) / 1000) AS `minweight`,(max(`ncttca2`.`cargo`.`weight`) / 1000) AS `maxweight`,(avg(`ncttca2`.`cargo`.`weight`) / 1000) AS `avgweight`,(std(`ncttca2`.`cargo`.`weight`) / 1000) AS `stdweight`,(sum(`ncttca2`.`cargo`.`weight`) / 1000) AS `totalweight` from `cargo` where (`ncttca2`.`cargo`.`containertypeid` in (1,2)) group by `ncttca2`.`cargo`.`yearid`,`ncttca2`.`cargo`.`monthid` order by `ncttca2`.`cargo`.`yearid`,`ncttca2`.`cargo`.`monthid`;

-- 
-- Dumping data for table `position`
--
INSERT INTO `position` VALUES
(1, '1'),
(2, '2'),
(3, '3'),
(4, '4'),
(5, '5'),
(6, '6'),
(7, '7'),
(8, '8'),
(9, '9'),
(10, '10'),
(11, '11'),
(12, '12');

-- 
-- Dumping data for table accident
--
INSERT INTO accident VALUES
(2012051018045390535, 2, 1, 1, 1, 'KE', 2012051017525918542, 1, 2009, 7002),
(2012051018054199992, 0, 2, 1, 1, 'KE', 2012051017541053745, 2, 2009, 7002),
(2012051018061461149, 2, 1, 1, 1, 'KE', 2012051017354857309, 3, 2009, 7001),
(2012051018064627749, 2, 2, 2, 0, 'KE', 2012051017504018492, 4, 2009, 7001),
(2012051018072571390, 0, 2, 0, 2, 'KE', 2012051017365677397, 5, 2009, 7001),
(2012051018083281759, 2, 2, 2, 2, 'KE', 2012051017500741420, 6, 2009, 7001);

-- 
-- Dumping data for table account
--
INSERT INTO account VALUES
(135332650370476159, 'Demos', 1, 'demo', '89e495e7941cf9e40e6980d14a16bf023ccd4c91', 'aruzindana@ttcanc.org', '', '', 'Mombasa', 'KE', 0, 2),
(140496910656039888, 'Upande', 4, 'upande', '3a89e7b9463a9dd96d150a7f154a409f6be03f20', '', '', '', '', 'KE', 20, 1),
(140497125965192044, 'upande', 1, 'upande', 'f6722aabfca0a1f35342d096da5c83608ecec0dc', '', '', '', '', 'KE', 20, 1);

-- 
-- Dumping data for table accounttype
--
INSERT INTO accounttype VALUES
(4, 'Administrators'),
(2, 'StakeHolders'),
(3, 'TTCA Staff'),
(1, 'Users');

-- 
-- Dumping data for table agent
--
INSERT INTO agent VALUES
(133778028691174338, 'Pet Giko', 'PR100', 'KE'),
(2012050600271356578, 'KRA 001', '', 'KE');

-- 
-- Dumping data for table all_delays_summary
--
INSERT INTO all_delays_summary VALUES
('1', '2009', '1', '21160', '241.90400565', '0.3667', '9374.7667'),
('1', '2009', '2', '16617', '206.45162663', '0.2500', '10551.7667'),
('1', '2009', '3', '15862', '155.04040405', '0.1333', '6033.2500'),
('1', '2009', '4', '16134', '168.25176102', '1.0000', '6142.7000'),
('1', '2009', '5', '15754', '134.61658637', '1.0000', '5770.2167'),
('1', '2009', '6', '16262', '125.44731461', '0.3667', '17045.6667'),
('1', '2009', '7', '17334', '108.86026988', '0.8500', '7200.4667'),
('1', '2009', '8', '18519', '102.46939456', '0.1667', '30318.0333'),
('1', '2009', '9', '17982', '124.49742397', '1.0500', '35004.1167'),
('1', '2009', '10', '18178', '117.97751856', '1.5000', '10070.8167'),
('1', '2009', '11', '17336', '117.57719071', '0.0333', '12031.1833'),
('1', '2009', '12', '18107', '119.28307459', '0.6000', '10346.7167'),
('1', '2010', '1', '20482', '147.92691643', '1.2000', '9679.1833'),
('1', '2010', '2', '19249', '165.30274990', '0.2833', '11549.4500'),
('1', '2010', '3', '20065', '139.69525707', '0.2333', '6295.9500'),
('1', '2010', '4', '17660', '138.50822302', '0.3167', '10677.9000'),
('1', '2010', '5', '19033', '116.96980055', '0.1333', '15884.2000'),
('1', '2010', '6', '19058', '155.78712509', '0.2500', '8859.7500'),
('1', '2010', '7', '20638', '157.77082098', '1.2000', '5781.9667'),
('1', '2010', '8', '20013', '126.16083224', '1.2000', '6481.2500');

-- 
-- Dumping data for table allcheckpoints
--
INSERT INTO allcheckpoints VALUES
(2012, 10, 'KE', 'Mombasa - Malaba', 7001, 'Mombasa (Port)', 1, 963, 'Customs, Police & Immigration'),
(2012, 10, 'KE', 'Mombasa - Malaba', 7001, 'Mariakani', 1, 963, 'Weigbridge'),
(2012, 10, 'KE', 'Mombasa - Malaba', 7001, 'Mlollongo', 1, 963, 'Weigbridge'),
(2012, 10, 'KE', 'Mombasa - Malaba', 7085, 'Mai Mahiu', 1, 963, 'Weigbridge'),
(2012, 10, 'KE', 'Mombasa - Malaba', 7001, 'Embakasi (ICD)', 1, 963, 'Customs'),
(2012, 10, 'KE', 'Mombasa - Malaba', 7005, 'Gilgil', 1, 963, 'Weigbridge'),
(2012, 10, 'KE', 'Mombasa - Malaba', 7005, 'Eldoret', 1, 963, 'Weigbridge'),
(2012, 10, 'KE', 'Mombasa - Malaba', 7006, 'Bungoma', 1, 963, 'Weigbridge'),
(2012, 10, 'KE', 'Mombasa - Malaba', 7006, 'Amagoro', 1, 963, 'Weigbridge'),
(2012, 10, 'KE', 'Mombasa - Malaba', 7006, 'Malaba (Border Post)', 1, 963, 'Customs, Police & Immigration'),
(2012, 10, 'KE', 'Kisumu Busia', 7003, 'Kisumu (ICD)', 1, 140, 'Customs, ICD & Standards Agencies '),
(2012, 10, 'KE', 'Kisumu Busia', 7003, 'Luanda', 1, 140, 'police checkpoint'),
(2012, 10, 'KE', 'Kisumu Busia', 7003, 'Maseno ', 1, 140, 'police checkpoint'),
(2012, 10, 'KE', 'Kisumu Busia', 7003, 'Yala', 1, 140, 'police checkpoint'),
(2012, 10, 'KE', 'Kisumu Busia', 7003, 'Busia/Lwero', 1, 140, 'weighbridge'),
(2012, 10, 'KE', 'Kisumu Busia', 7003, 'Busia (Border Post)', 1, 140, 'Customs, Police & Immigration'),
(2012, 10, 'UG', 'Busia- Kampala - Mbarara- Katuna', 7027, 'Busia (Border Post)', 1, NULL, 'Customs, Police, Immigration & weighbridge'),
(2012, 10, 'UG', 'Busia- Kampala - Mbarara- Katuna', 7027, 'Busitema', 1, 659, 'Weighbridge'),
(2012, 10, 'UG', 'Busia- Kampala - Mbarara- Katuna', 7027, 'Iganga', 1, 659, 'Customs & Police '),
(2012, 10, 'UG', 'Busia- Kampala - Mbarara- Katuna', 7008, 'Jinja', 1, 659, 'Customs & Police');

-- 
-- Dumping data for table alldelayssummary
--

-- Table ncttca2.alldelayssummary does not contain any data (it is empty)

-- 
-- Dumping data for table allnoncontcargo
--

-- Table ncttca2.allnoncontcargo does not contain any data (it is empty)

-- 
-- Dumping data for table annualdistance
--

-- Table ncttca2.annualdistance does not contain any data (it is empty)

-- 
-- Dumping data for table application
--
INSERT INTO application VALUES
(1, 'Northern Corridor Transport Observatory', 'KE', 'top.ttcanc.org', NULL, 'smtp.ttcanc.org', 'top@ttcanc.org', 'topadmin', 'top@ttcanc.org', 'P O Box 95341, Post - Code 80104 \r\nMombasa, Kenya ', 'logo_small.jpg', 1, 'NCTTCA');

-- 
-- Dumping data for table axle
--
INSERT INTO axle VALUES
(9001, '2'),
(9002, '3'),
(9003, '4');

-- 
-- Dumping data for table borderactivity
--
INSERT INTO borderactivity VALUES
(1, NULL, 1, 2012040416333599243, 2012031611374887281, '2011-11-18 15:00:00', '2011-11-19 15:25:00'),
(2, NULL, 2, 2012040416333599243, 2012031611374887281, '2011-11-20 15:00:00', '2011-11-21 13:14:00'),
(3, NULL, 3, 2012040416333599243, 2012031611374887281, '2011-11-21 06:00:00', '2011-11-21 10:20:00'),
(4, NULL, 4, 2012040416333599243, 2012031611374887281, '2011-11-23 06:00:00', '2011-11-23 14:22:00'),
(5, NULL, 5, 2012040416333599243, 2012031611374887281, '2011-11-23 08:00:00', '2011-11-23 11:57:00'),
(6, NULL, 6, 2012040416333599243, 2012031611374887281, '2011-11-23 08:00:00', '2011-11-23 15:45:00'),
(7, NULL, 7, 2012040416333599243, 2012031611374887281, '2011-11-23 22:00:00', '2011-11-24 11:51:00'),
(8, NULL, 8, 2012040416333599243, 2012031611374887281, '2011-11-24 10:00:00', '2011-11-24 15:45:00'),
(9, NULL, 9, 2012040416333599243, 2012031611374887281, '2011-11-24 14:00:00', '2011-11-25 11:18:00'),
(10, NULL, 10, 2012040416333599243, 2012031611374887281, '2011-11-27 06:30:00', '2011-11-27 11:08:00'),
(11, NULL, 11, 2012040416333599243, 2012031611374887281, '2011-11-25 16:00:00', '2011-11-26 14:58:00'),
(12, NULL, 12, 2012040416333599243, 2012031611374887281, '2011-11-27 05:00:00', '2011-11-27 11:34:00'),
(13, NULL, 13, 2012040416333599243, 2012031611374887281, '2011-11-25 21:00:00', '2011-11-26 13:08:00'),
(14, NULL, 14, 2012040416333599243, 2012031611374887281, '2011-11-21 06:00:00', '2011-11-21 11:26:00'),
(15, NULL, 15, 2012040416333599243, 2012031611374887281, '2011-11-21 05:00:00', '2011-11-21 15:02:00'),
(16, NULL, 16, 2012040416333599243, 2012031611374887281, '2011-11-22 09:30:00', '2011-11-22 12:22:00'),
(17, NULL, 17, 2012040416333599243, 2012031611374887281, '2011-11-22 09:00:00', '2011-11-22 11:55:00'),
(18, NULL, 18, 2012040416333599243, 2012031611374887281, '2011-11-22 23:00:00', '2011-11-23 11:15:00'),
(19, NULL, 19, 2012040416333599243, 2012031611374887281, '2011-11-23 10:00:00', '2011-11-23 11:00:00'),
(20, NULL, 20, 2012040416333599243, 2012031611374887281, '2011-11-24 11:00:00', '2011-11-24 16:00:00');

-- 
-- Dumping data for table borderactivityview
--

-- Table ncttca2.borderactivityview does not contain any data (it is empty)

-- 
-- Dumping data for table borderaudit
--
INSERT INTO borderaudit VALUES
(1, NULL, 992, NULL, 'RW', NULL, NULL, NULL, NULL, NULL, NULL, NULL, 'KBC 445Y', NULL, NULL, 'KE', '', NULL, 2012031611374887281, NULL, NULL, NULL, 11, 2011),
(2, NULL, 993, NULL, 'UG', NULL, NULL, NULL, NULL, NULL, NULL, NULL, 'KAX 339P', NULL, NULL, 'KE', '', NULL, 2012031611374887281, NULL, NULL, NULL, 11, 2011),
(3, NULL, 994, NULL, 'UG', NULL, NULL, NULL, NULL, NULL, NULL, NULL, 'KBQ 360P', NULL, NULL, 'KE', '', NULL, 2012031611374887281, NULL, NULL, NULL, 11, 2011),
(4, NULL, 995, NULL, 'UG', NULL, NULL, NULL, NULL, NULL, NULL, NULL, 'KBB 474T', NULL, NULL, 'KE', '', NULL, 2012031611374887281, NULL, NULL, NULL, 11, 2011),
(5, NULL, 996, NULL, 'CD', NULL, NULL, NULL, NULL, NULL, NULL, NULL, 'CGO 0414AA', NULL, NULL, 'KE', '', NULL, 2012031611374887281, NULL, NULL, NULL, 11, 2011),
(6, NULL, 997, NULL, 'BI', NULL, NULL, NULL, NULL, NULL, NULL, NULL, 'T260AGX', NULL, NULL, 'KE', '', NULL, 2012031611374887281, NULL, NULL, NULL, 11, 2011),
(7, NULL, 998, NULL, 'UG', NULL, NULL, NULL, NULL, NULL, NULL, NULL, 'KBL 046H', NULL, NULL, 'KE', '', NULL, 2012031611374887281, NULL, NULL, NULL, 11, 2011),
(8, NULL, 999, NULL, 'UG', NULL, NULL, NULL, NULL, NULL, NULL, NULL, 'KBJ 439A', NULL, NULL, 'KE', '', NULL, 2012031611374887281, NULL, NULL, NULL, 11, 2011),
(9, NULL, 1000, NULL, 'UG', NULL, NULL, NULL, NULL, NULL, NULL, NULL, 'KAW 918T', NULL, NULL, 'KE', '', NULL, 2012031611374887281, NULL, NULL, NULL, 11, 2011),
(10, NULL, 1001, NULL, 'UG', NULL, NULL, NULL, NULL, NULL, NULL, NULL, 'KBA 239T', NULL, NULL, 'KE', '', NULL, 2012031611374887281, NULL, NULL, NULL, 11, 2011),
(11, NULL, 1002, NULL, 'UG', NULL, NULL, NULL, NULL, NULL, NULL, NULL, 'UAP 158R', NULL, NULL, 'KE', '', NULL, 2012031611374887281, NULL, NULL, NULL, 11, 2011),
(12, NULL, 1003, NULL, 'BI', NULL, NULL, NULL, NULL, NULL, NULL, NULL, 'UAB 908L', NULL, NULL, 'KE', '', NULL, 2012031611374887281, NULL, NULL, NULL, 11, 2011),
(13, NULL, 1004, NULL, 'CD', NULL, NULL, NULL, NULL, NULL, NULL, NULL, 'UAM 809 V', NULL, NULL, 'KE', '', NULL, 2012031611374887281, NULL, NULL, NULL, 11, 2011),
(14, NULL, 1005, NULL, 'UG', NULL, NULL, NULL, NULL, NULL, NULL, NULL, 'UAN 980P', NULL, NULL, 'KE', '', NULL, 2012031611374887281, NULL, NULL, NULL, 11, 2011),
(15, NULL, 1006, NULL, 'UG', NULL, NULL, NULL, NULL, NULL, NULL, NULL, 'KBJ 121L', NULL, NULL, 'KE', '', NULL, 2012031611374887281, NULL, NULL, NULL, 11, 2011),
(16, NULL, 1007, NULL, 'UG', NULL, NULL, NULL, NULL, NULL, NULL, NULL, 'KBJ 513V', NULL, NULL, 'KE', '', NULL, 2012031611374887281, NULL, NULL, NULL, 11, 2011),
(17, NULL, 1008, NULL, 'UG', NULL, NULL, NULL, NULL, NULL, NULL, NULL, 'KAX 483W', NULL, NULL, 'KE', '', NULL, 2012031611374887281, NULL, NULL, NULL, 11, 2011),
(18, NULL, 1009, NULL, 'UG', NULL, NULL, NULL, NULL, NULL, NULL, NULL, 'KAS 637L', NULL, NULL, 'KE', '', NULL, 2012031611374887281, NULL, NULL, NULL, 11, 2011),
(19, NULL, 1010, NULL, 'UG', NULL, NULL, NULL, NULL, NULL, NULL, NULL, 'KBC 543H', NULL, NULL, 'KE', '', NULL, 2012031611374887281, NULL, NULL, NULL, 11, 2011),
(20, NULL, 1011, NULL, 'UG', NULL, NULL, NULL, NULL, NULL, NULL, NULL, 'KBQ 783P', NULL, NULL, 'KE', '', NULL, 2012031611374887281, NULL, NULL, NULL, 11, 2011);

-- 
-- Dumping data for table bordercrossing
--

-- Table ncttca2.bordercrossing does not contain any data (it is empty)

-- 
-- Dumping data for table bordercrossingin
--

-- Table ncttca2.bordercrossingin does not contain any data (it is empty)

-- 
-- Dumping data for table bordercrossingout
--

-- Table ncttca2.bordercrossingout does not contain any data (it is empty)

-- 
-- Dumping data for table bordercrossingtime
--

-- Table ncttca2.bordercrossingtime does not contain any data (it is empty)

-- 
-- Dumping data for table calendar
--
INSERT INTO calendar VALUES
(1, 'Deployment of new cargo handling system', 'NTTCA', 'The East African Business council (EABC) paid a courtesy call on H.E President Mwai Kibaki who is also the chair of the East Africa Community Heads of State Summit on 20th January 2012 at Harambee House.', '2012-03-22 00:00:00', 2),
(2, 'Testing new road survey techniques', 'NTTCA', 'A reduction in transport and related costs along the key corridors in East Africa;\r\nSupporting EAC institutions to develop a comprehensive framework for regional integration;', '2012-03-11 00:00:00', 2),
(3, 'launch of the mombasa weigh bridge', 'NTTCA', 'Supporting partner states to substantially increase the implementation of a comprehensive framework for regional integration; and\r\nEngaging private sector and civil society to positively influence regional integration policies and practices for growth in trade.', '2012-03-03 00:00:00', 2),
(4, 'increased use of the mombasa port', 'NTTCA', 'The East African Business council (EABC) paid a courtesy call on H.E President Mwai Kibaki who is also the chair of the East Africa Community Heads of State Summit on 20th January 2012 at Harambee House.', '2012-07-23 00:00:00', 2),
(5, 'TMEA support northern corridor development', 'NTTCA', 'Supporting partner states to substantially increase the implementation of a comprehensive framework for regional integration; and\r\nEngaging private sector and civil society to positively influence regional integration policies and practices for growth in trade.', '2012-04-09 00:00:00', 2),
(6, 'Big party to launch survey results', 'NTTCA', 'The East African Business council (EABC) paid a courtesy call on H.E President Mwai Kibaki who is also the chair of the East Africa Community Heads of State Summit on 20th January 2012 at Harambee House. The meeting brought together the private sector and a focus on discussion on key issues that affect businesses in the region. Of particular interest and discussion was the state of infrastructure in the region, status of the customs union including common external tariffs and the current grid lock at the port of Mombasa. ', '2012-02-22 00:00:00', 2),
(7, '23rd Meeting of The Council of Ministers', 'Kampala, Uganda', '', '2012-03-01 00:00:00', 2),
(8, '34th Meeting of the Executive Board', 'Kampala, Uganda', '', '2012-03-02 00:00:00', 2),
(9, 'Technical Committee Meeting on Transport Policy and Strategic Planning', 'Bujumbura, Burundi', '', '2012-03-05 00:00:00', 2),
(10, 'Technical Committee Meeting on Customs and Trade Facilitation', 'Bujumbura, Burundi', '', '2012-03-07 00:00:00', 2),
(11, 'Technical Committee Meeting for Infrastructure Development & Committee of PSIP', 'Kigali, Rwanda', '', '2012-03-10 00:00:00', 2),
(12, 'Extra-Ordinary Meeting of the Council of Ministers', 'Nairobi, Kenya', '', '2012-03-14 00:00:00', 2),
(133760145008574880, 'Test Event', 'Test', 'Test details', '2012-05-31 00:00:00', 2),
(134553377408373078, 'Policy Organ Meetings', 'HQ Mombasa, Kenya', 'Meeting of the Executive Board and Council of Ministers ', '2012-12-03 00:00:00', 2),
(135391904790045220, 'Adoption and launch of the Northern Corridor 2012-2016 Strategic Plan ', 'Mombasa, Kenya', 'The Northern Corridor Councils of Ministers and Executive Board will in this December  adopt and launch  the New 5 year Strategic Plan ', '2012-12-05 00:00:00', 2),
(135391931663361530, 'TECHNICAL COMMITTEE MEETINGS FOR TRANSPORT POLICY AND PLANNING & CUSTOMS AND TRADE FACILITATION', 'KINSHASA, DRC', '', '2013-04-29 00:00:00', 1),
(135391937333943672, 'TECHNICAL COMMITTEE MEETINGS FOR INFRASTRUCTURE DEVELOPMENT & COMMITTEE OF PRIVATE SECTOR INVESTMENT PROMOTION', 'KAMPALA, UGANDA.', '', '2013-02-04 00:00:00', 1),
(135391943625217917, 'NORTHERN CORRIDOR STAKEHOLDERS FORUM MEETING ON TRADE & TRANSPORT LOGISTICS CHAIN', 'BUJUMBURA, BURUNDI.', '', '2013-04-08 00:00:00', 1),
(135392176120136968, 'TTCA-NC, TMEA & KTA JOINT WORKSHOP ON THE TRANSPORT OBSERVATORY', 'Eden Beach Hotel ', 'Northern Corridor Permanent Secretariat TTCA-NC together with TMEA & KTA hold  a two dayâ€™s joint consultative workshop to review progress and organise for the launch of Transport Observatory Project', '2012-11-01 00:00:00', 2),
(135392180409031763, 'Northern Corridor Policy Organ Meeting', 'Nyali International Beach Hotel', '', '2012-12-04 00:00:00', 2);

-- 
-- Dumping data for table cargo
--
INSERT INTO cargo VALUES
(1, 'MSCU1182190', NULL, 'MSCUMY253033.', NULL, NULL, NULL, 'ZADUR', NULL, NULL, 'MY', 'KE', '7326.20.00', 'Import Container Handled at ICD 20ft', NULL, 28200, NULL, NULL, NULL, 1, 1, NULL, NULL, NULL, 4, 2009),
(2, 'MEDU2377681', NULL, 'MSCUFX612481', NULL, NULL, NULL, 'OMSLL', NULL, NULL, 'GB', 'KE', '8704.21.20', 'Import Container Handled at ICD 20ft', NULL, 6300, NULL, NULL, NULL, 1, 1, NULL, NULL, NULL, 4, 2009),
(3, 'MAEU6746313', NULL, '527182589', NULL, NULL, NULL, 'FRLEH', NULL, NULL, 'FR', 'KE', '2208.20.19', 'Import Container Handled at ICD 20ft', NULL, 6137, NULL, NULL, NULL, 1, 1, NULL, NULL, NULL, 4, 2009),
(4, 'CMAU1763193', NULL, 'BE2348331', NULL, NULL, NULL, 'BEANR', NULL, NULL, 'BE', 'KE', '2835.25.00', 'Import Container Handled at ICD 20ft', NULL, 22300, NULL, NULL, NULL, 1, 1, NULL, NULL, NULL, 4, 2009),
(5, 'CMAU1406534', NULL, 'COMB0900097', NULL, NULL, NULL, 'INCOK', NULL, NULL, 'IN', 'KE', '4006.10.00', 'Import Container Handled at ICD 20ft', NULL, 22200, NULL, NULL, NULL, 1, 1, NULL, NULL, NULL, 4, 2009),
(6, 'ECMU1510080', NULL, 'COMBO900098', NULL, NULL, NULL, 'INCCU', NULL, NULL, 'IN', 'KE', '4006.10.00', 'Import Container Handled at ICD 20ft', NULL, 20500, NULL, NULL, NULL, 1, 1, NULL, NULL, NULL, 4, 2009),
(7, 'TTNU3645001', NULL, 'COMB0900078', NULL, NULL, NULL, 'INCOK', NULL, NULL, 'IN', 'KE', '4006.10.00', 'Import Container Handled at ICD 20ft', NULL, 22100, NULL, NULL, NULL, 1, 1, NULL, NULL, NULL, 4, 2009),
(8, 'PCIU3587709', NULL, 'MAANBO090000001', NULL, NULL, NULL, 'INMAA', NULL, NULL, 'IN', 'KE', '4819.10.00', 'Import Container Handled at ICD 20ft', NULL, 8000, NULL, NULL, NULL, 1, 1, NULL, NULL, NULL, 4, 2009),
(9, 'MSKU5102525', NULL, '527443581', NULL, NULL, NULL, 'PKBQM', NULL, NULL, 'DK', 'KE', '90189000', 'Import Container Handled at ICD 20ft', NULL, 2450, NULL, NULL, NULL, 1, 1, NULL, NULL, NULL, 4, 2009),
(10, 'PCIU2185808', NULL, 'JEAEMB090000001', NULL, NULL, NULL, 'AEJEA', NULL, NULL, 'AE', 'KE', '4907.00.30', 'Import Container Handled at ICD 20ft', NULL, 20000, NULL, NULL, NULL, 1, 1, NULL, NULL, NULL, 4, 2009),
(11, 'ECMU2175598', NULL, '09I012445', NULL, NULL, NULL, 'AEJEA', NULL, NULL, 'AE', 'KE', '2402.20.00', 'Import Container Handled at ICD 20ft', NULL, 18000, NULL, NULL, NULL, 1, 1, NULL, NULL, NULL, 4, 2009),
(12, 'PONU2092090', NULL, 'HSKZ11357', NULL, NULL, NULL, 'CNXGG', NULL, NULL, 'CN', 'KE', '8311.10.00', 'Import Container Handled at ICD 20ft', NULL, 26730, NULL, NULL, NULL, 1, 1, NULL, NULL, NULL, 4, 2009),
(13, 'CMBU2351942', NULL, 'NKGZ61384', NULL, NULL, NULL, 'CNNKG', NULL, NULL, 'AE', 'KE', '2833.11.00', 'Import Container Handled at ICD 20ft', NULL, 27300, NULL, NULL, NULL, 1, 1, NULL, NULL, NULL, 4, 2009),
(14, 'MAEU7955977', NULL, 'NKGZ61384', NULL, NULL, NULL, 'CNNKG', NULL, NULL, 'AE', 'KE', '2833.11.00', 'Import Container Handled at ICD 20ft', NULL, 27300, NULL, NULL, NULL, 1, 1, NULL, NULL, NULL, 4, 2009),
(15, 'MSKU2221829', NULL, 'NKGZ61384', NULL, NULL, NULL, 'CNNKG', NULL, NULL, 'AE', 'KE', '2833.11.00', 'Import Container Handled at ICD 20ft', NULL, 27300, NULL, NULL, NULL, 1, 1, NULL, NULL, NULL, 4, 2009),
(16, 'MSKU2805099', NULL, 'NKGZ61384', NULL, NULL, NULL, 'CNNKG', NULL, NULL, 'AE', 'KE', '2833.11.00', 'Import Container Handled at ICD 20ft', NULL, 27300, NULL, NULL, NULL, 1, 1, NULL, NULL, NULL, 4, 2009),
(17, 'MSKU3039399', NULL, 'NKGZ61384', NULL, NULL, NULL, 'CNNKG', NULL, NULL, 'AE', 'KE', '2833.11.00', 'Import Container Handled at ICD 20ft', NULL, 27300, NULL, NULL, NULL, 1, 1, NULL, NULL, NULL, 4, 2009),
(18, 'MSKU3141625', NULL, 'NKGZ61384', NULL, NULL, NULL, 'CNNKG', NULL, NULL, 'AE', 'KE', '2833.11.00', 'Import Container Handled at ICD 20ft', NULL, 27300, NULL, NULL, NULL, 1, 1, NULL, NULL, NULL, 4, 2009),
(19, 'MSKU3542530', NULL, 'NKGZ61384', NULL, NULL, NULL, 'CNNKG', NULL, NULL, 'AE', 'KE', '2833.11.00', 'Import Container Handled at ICD 20ft', NULL, 27300, NULL, NULL, NULL, 1, 1, NULL, NULL, NULL, 4, 2009),
(20, 'MSKU3642041', NULL, 'NKGZ61384', NULL, NULL, NULL, 'CNNKG', NULL, NULL, 'AE', 'KE', '2833.11.00', 'Import Container Handled at ICD 20ft', NULL, 27300, NULL, NULL, NULL, 1, 1, NULL, NULL, NULL, 4, 2009);

-- 
-- Dumping data for table cargo_copy
--

-- Table ncttca2.cargo_copy does not contain any data (it is empty)

-- 
-- Dumping data for table cargocharge
--

-- Table ncttca2.cargocharge does not contain any data (it is empty)

-- 
-- Dumping data for table cargotype
--
INSERT INTO cargotype VALUES
(4001, 'CONTAINERIZED'),
(4002, 'Loose'),
(2012040515043916318, 'B/BULK'),
(2012040515045437182, 'CONSOLIDATED'),
(2012040515055155833, 'REFRIGIRATED'),
(2012040515092444897, 'TANKER');

-- 
-- Dumping data for table cargotypecategory
--
INSERT INTO cargotypecategory VALUES
(310002, 'Shore-Handling Imports General Cargo', 4002),
(310003, 'Shore-Handling Imports Gen Cargo Transit', 4002),
(310013, 'Terminal Handling Import 20'' FCL Cont', 4001),
(310021, 'Shore-Handling Import Motor Vehicle', 4002),
(310022, 'Shore-Handling Import Motr Vehicle Trans', 4002),
(310027, 'Import Container Handled at ICD 20ft', 4001),
(310122, 'Terminal Handling Import 20'' FCL Cont', 4001),
(310123, 'Terminal Handling Import 20'' FCL Transit', 4001),
(310126, 'Terminal Handling Import 40'' FCL Cont', 4001),
(310127, 'Terminal Handling Import 40'' FCL Transit', 4001),
(310212, 'Terminal Handling Import 20'' IMDG Cont', 4001),
(310213, 'Terminal Handling Import 40'' IMDG Cont', 4001),
(310274, 'Wharfage Import  20'' FCL Container', 4001),
(310276, 'Wharfage Imports Dry Gen/Bulk Cargo', 4002),
(310277, 'Wharfage Import Liquid Bulk Cargo', 4002),
(310278, 'Wharfage Motor Vehicle Imports', 4002),
(310280, 'Terminal Handling Import 20'' FCL- ICD', 4001),
(310281, 'Terminal Handling Import 40'' FCL - ICD', 4001),
(310282, 'Wharfage Import  40'' FCL Cont. Transit', 4001),
(310283, 'Wharfage Import  20'' FCL Cont. Transit', 4001);

-- 
-- Dumping data for table chargetype
--
INSERT INTO chargetype VALUES
(2012051417274754714, 'Port Charges'),
(2012051417280866662, 'Tariff: Per Tonne Charge'),
(2012051417282286372, 'Police Fee/Fine'),
(2012051417303180203, 'Weighbridge Charges'),
(2012051417305392079, 'Customs Charges'),
(2012051417333129810, 'Other Charges'),
(2012051418213780266, 'Tariff: Oil');

-- 
-- Dumping data for table checkpointlist
--

-- Table ncttca2.checkpointlist does not contain any data (it is empty)

-- 
-- Dumping data for table checkpoints
--

-- Table ncttca2.checkpoints does not contain any data (it is empty)

-- 
-- Dumping data for table commoncharge
--
INSERT INTO commoncharge VALUES
(134701799700462133, 'Import Charges', 0),
(134701801800344249, 'Export Charges', 0);

-- 
-- Dumping data for table concurrency
--
INSERT INTO concurrency VALUES
(1, '1 Session/User', 1),
(2, '2 Sessions/User', 2),
(3, '3 Sessions/User', 3);

-- 
-- Dumping data for table containertype
--
INSERT INTO containertype VALUES
(1, 'Dry storage container (20ft)'),
(2, 'Dry storage container (40ft)'),
(3, 'Insulated or thermal containers (20ft)'),
(4, 'Tanks (20ft)'),
(5, 'Car carriers (20ft)'),
(6, 'Special purpose containers (20ft)'),
(7, 'Refrigerated ISO containers (20ft)'),
(8, 'Refrigerated ISO containers (40ft)'),
(9, 'Insulated or thermal containers (40ft)'),
(10, 'Tanks (40ft)'),
(11, 'Car carriers (40ft)'),
(12, 'Special purpose containers (40ft)');

-- 
-- Dumping data for table cost
--
INSERT INTO cost VALUES
(2010, 'Sea Freight Shipping charges', 7.70),
(2010, 'Port handling charges', 1.00),
(2010, 'Shipping lines Charges ', 11.10),
(2010, 'CFSs Charges', 0.10),
(2010, 'Inland route Costs(freights)', 33.80),
(2010, 'Clearing fees +VAT ', 3.10),
(2010, 'Indirect(hidden) costs of delays ', 41.00),
(2010, 'Direct Costs of Delays', 2.20);

-- 
-- Dumping data for table costsummary
--

-- Table ncttca2.costsummary does not contain any data (it is empty)

-- 
-- Dumping data for table country
--
INSERT INTO country VALUES
('AD', 'Andorra', 2),
('AE', 'United Arab Emirates', 2),
('AF', 'Afghanistan', 2),
('AG', 'Antigua and Barbuda', 2),
('AI', 'Anguilla', 2),
('AL', 'Albania', 2),
('AM', 'Armenia', 2),
('AN', 'Netherlands Antilles', 2),
('AO', 'Angola', 2),
('AQ', 'Antarctica', 2),
('AR', 'Argentina', 2),
('AS', 'American Samoa', 2),
('AT', 'Austria', 2),
('AU', 'Australia', 2),
('AW', 'Aruba', 2),
('AX', 'Aland', 2),
('AZ', 'Azerbaijan', 2),
('BA', 'Bosnia and Herzegovina', 2),
('BB', 'Barbados', 2),
('BD', 'Bangladesh', 2);

-- 
-- Dumping data for table damage
--
INSERT INTO damage VALUES
(2012051016411982632, 19008, 2001, 7001, 3001, 4, 0, 10, 2010),
(2012051016420330898, 19008, 2001, 7001, 3001, 1, 0, 1, 2011),
(2012051016430282060, 19008, 2001, 7001, 3003, 1, 0, 6, 2010);

-- 
-- Dumping data for table damages
--

-- Table ncttca2.damages does not contain any data (it is empty)

-- 
-- Dumping data for table damagetype
--
INSERT INTO damagetype VALUES
(19001, 'Damage on Containers'),
(19002, 'Damage on Ship'),
(19003, 'Damage on Cargo'),
(19004, 'Damage on Equipment'),
(19005, 'Damage on KPA Vehicles'),
(19006, 'Damage on Private Vehicle'),
(19007, 'Damage on Infrastructure'),
(19008, 'Fraud Occurances');

-- 
-- Dumping data for table destcountry
--

-- Table ncttca2.destcountry does not contain any data (it is empty)

-- 
-- Dumping data for table destination
--

-- Table ncttca2.destination does not contain any data (it is empty)

-- 
-- Dumping data for table destvolumeannual
--

-- Table ncttca2.destvolumeannual does not contain any data (it is empty)

-- 
-- Dumping data for table destvolumemonthly
--

-- Table ncttca2.destvolumemonthly does not contain any data (it is empty)

-- 
-- Dumping data for table destvolumequaterly
--

-- Table ncttca2.destvolumequaterly does not contain any data (it is empty)

-- 
-- Dumping data for table disaggregation
--
INSERT INTO disaggregation VALUES
(2012041608172119791, 'Global '),
(2012041608173039489, 'Country '),
(2012043010401121386, 'Node'),
(2012043010404585529, 'Sub-Node (Process)');

-- 
-- Dumping data for table document
--
INSERT INTO document VALUES
(1, 'Transport Observatory User Guide and User Manual', 137776792609442346, 'The Permanent Secretariat of the Northern Corridor Transit Transport Coordination Authority has established a practical corridor performance monitoring system â€“ Code named â€œThe Transport observatoryâ€. The web based Database system is to regularly tracks & measure Key corridor performance indicators.', 'Transport_Observatory_PublicUser_Manual.pdf', '2011-07-04 00:00:00', 1),
(135400926881985792, 'Northern Corridor Infrastructure Master Plan', 2, 'The overall objective of the secretariat undertaking this study is to develop a comprehensive infrastructure master plan for the Northern Corridor as a long term program for strategic development of the corridorâ€™s infrastructure.', 'TheNorthernCorridorInfrastructure_MasterPlan.pdf', '2011-10-28 00:00:00', 1),
(135400934128829118, 'The Northern Corridor Transit Agreement', 2, 'The Northern Corridor Transit Transport Agreement of 19th February 1985, which became effective on 18th November 1986 following ratification by all four member States, and the same Agreement, was acceded to by the Government of the Democratic Republic of Congo in 1987 as the fifth state. ', 'Northern_Corridor_Transit_Agreement2007.pdf', '2011-10-26 00:00:00', 1),
(137058943573857019, 'TOP Report April 2013 (Eng)', 135499005479979499, 'TOP Report April 2013 (Eng)', 'Top_Report-April_2013(Eng).pdf', '2013-05-15 00:00:00', 1),
(137058968356644113, 'TOP Report December 2012 (Eng)', 135499005479979499, 'TOP Report December 2012 (Eng)', 'Top_Report-April_2013(Eng).pdf', '2012-12-06 00:00:00', 1),
(138574117526198891, 'TO Report September 2013 (eng)', 135499005479979499, 'TO Report September 2013 (eng)', 'TOP_Report-September_2013.pdf', '2013-11-29 00:00:00', 1),
(140292847883817316, 'T.O Report April 2014 - Eng', 135499005479979499, 'T.O Report April 2014', 'TO_Report-April_2014-Eng.pdf', '2014-05-30 00:00:00', 1),
(140292851299858107, 'T.O Report April 2014 - Fre', 135499005479979499, 'T.O Report April 2014', 'TO_Report-April_2014-Fre.pdf', '2014-05-30 00:00:00', 1);

-- 
-- Dumping data for table documenttype
--
INSERT INTO documenttype VALUES
(1, 'Financial Report'),
(2, 'Study'),
(3, 'RFP'),
(4, 'Research Report'),
(135499005479979499, 'TOP Results'),
(137776792609442346, 'User Manual');

-- 
-- Dumping data for table driver
--
INSERT INTO driver VALUES
(133767117262544936, '', '', 'AF'),
(2012050513274626807, 'A N Other', 'KE001', 'KE');

-- 
-- Dumping data for table dwelltime
--

-- Table ncttca2.dwelltime does not contain any data (it is empty)

-- 
-- Dumping data for table dwelltimeannual
--

-- Table ncttca2.dwelltimeannual does not contain any data (it is empty)

-- 
-- Dumping data for table dwelltimemonthly
--

-- Table ncttca2.dwelltimemonthly does not contain any data (it is empty)

-- 
-- Dumping data for table dwelltimenew
--

-- Table ncttca2.dwelltimenew does not contain any data (it is empty)

-- 
-- Dumping data for table dwelltimequarterly
--

-- Table ncttca2.dwelltimequarterly does not contain any data (it is empty)

-- 
-- Dumping data for table emptycontainer
--

-- Table ncttca2.emptycontainer does not contain any data (it is empty)

-- 
-- Dumping data for table entryagent
--

-- Table ncttca2.entryagent does not contain any data (it is empty)

-- 
-- Dumping data for table entrycountry
--

-- Table ncttca2.entrycountry does not contain any data (it is empty)

-- 
-- Dumping data for table eventlog
--
INSERT INTO eventlog VALUES
(133818370118018746, 'calendar', '2012051810311472659', 'Edited', 1001, '2012-05-28 08:41:41', '41.220.118.182'),
(133818480848888171, 'indicator', '2012030210594031386', 'Edited', 1001, '2012-05-28 09:00:08', '192.168.48.101'),
(133827239329496564, 'route', '133827239329372664', 'Added', 1001, '2012-05-29 09:19:53', '41.220.118.182'),
(133880397007265539, 'account', '2012051813453967847', 'Edited', 1001, '2012-06-04 12:59:30', '41.206.61.214'),
(133880400407227867, 'account', '2012050810283738211', 'Edited', 1001, '2012-06-04 13:00:04', '41.206.61.214'),
(133880403553195508, 'account', '2012042114051939607', 'Edited', 1001, '2012-06-04 13:00:35', '41.206.61.214'),
(133880405814679050, 'account', '2012022310080329167', 'Edited', 1001, '2012-06-04 13:00:58', '41.206.61.214'),
(133880408301191221, 'account', '1002', 'Edited', 1001, '2012-06-04 13:01:23', '41.206.61.214'),
(133880955700213025, 'account', '133880955700083283', 'Added', 1001, '2012-06-04 14:32:38', '41.206.61.214'),
(134553377400852823, 'calendar', '134553377408373078', 'Added', 1001, '2012-08-21 10:22:54', '41.220.118.182'),
(134701712254613649, 'route', '134701706243151442', 'Edited', 1001, '2012-09-07 14:25:22', '41.220.118.182'),
(134701714179891465, 'route', '134701710674714044', 'Edited', 1001, '2012-09-07 14:25:41', '41.220.118.182'),
(134701746300112876, 'route', '134701746300983607', 'Added', 1001, '2012-09-07 14:31:03', '41.220.118.182'),
(134701754101772844, 'route', '134701754117611140', 'Added', 1001, '2012-09-07 14:32:21', '41.220.118.182'),
(134701799700552836, 'commoncharge', '134701799700462133', 'Added', 1001, '2012-09-07 14:39:58', '41.220.118.182'),
(134701801834078087, 'commoncharge', '134701801800344249', 'Added', 1001, '2012-09-07 14:40:18', '41.220.118.182'),
(134701842607965392, 'chargetype', '2012051417280866662', 'Edited', 1001, '2012-09-07 14:47:06', '41.220.118.182'),
(134701850464526818, 'routecharge', '134701788705628176', 'Edited', 1001, '2012-09-07 14:48:24', '41.220.118.182'),
(134701852103187016, 'routecharge', '134701777039489386', 'Edited', 1001, '2012-09-07 14:48:41', '41.220.118.182'),
(134701853007787588, 'routecharge', '134701767414386999', 'Edited', 1001, '2012-09-07 14:48:50', '41.220.118.182');

-- 
-- Dumping data for table exitagent
--

-- Table ncttca2.exitagent does not contain any data (it is empty)

-- 
-- Dumping data for table exitcountry
--

-- Table ncttca2.exitcountry does not contain any data (it is empty)

-- 
-- Dumping data for table exports
--

-- Table ncttca2.exports does not contain any data (it is empty)

-- 
-- Dumping data for table faqs
--
INSERT INTO faqs VALUES
(3, 'How will the new northern corridor monitoring system work', 'The Northern Corridor comprises of the transport infrastructure, facilities and services in East and Central Africa linked to the Maritime Port of Mombasa. These primary transport network and facilities link the Port of Mombasa in Kenya to the Great Lakes countries of Uganda, Rwanda, Burundi and the Democratic Republic of Congo. The four countries are signatories to the Northern Corridor Transit Agreement (NCTA), whose main objective is to enhance and ensure seamless movement of trade and traffic across the region', 1, 1),
(2012051911074839931, 'How to Access Help', 'Click on the Help link at the bottom menu', 2, 1);

-- 
-- Dumping data for table featured
--
INSERT INTO featured VALUES
(1, 'NO'),
(2, 'YES');

-- 
-- Dumping data for table fleetevolution
--
INSERT INTO fleetevolution VALUES
(1, 3001, 2, 'KE', 2012051009101513717, NULL, 1, 'kyoga hauliers', 0, 2010, 12),
(2, 3001, 2, 'KE', 2012051009101513717, NULL, 1, 'kyoga hauliers', 0, 2010, 12),
(3, 3001, 2, 'KE', 2012051009101513717, NULL, 1, 'kyoga hauliers', 0, 2010, 12),
(4, 3001, 2, 'KE', 2012051009101513717, NULL, 1, 'kyoga hauliers', 0, 2010, 12),
(5, 3001, 2, 'KE', 2012051009101513717, NULL, 1, 'kyoga hauliers', 0, 2010, 12),
(6, 3001, 2, 'KE', 2012051009101513717, NULL, 1, 'kyoga hauliers', 0, 2010, 12),
(7, 3001, 2, 'KE', 2012051009101513717, NULL, 1, 'kyoga hauliers', 0, 2010, 12),
(8, 3001, 2, 'KE', 2012051009101513717, NULL, 1, 'kyoga hauliers', 0, 2010, 12),
(9, 3001, 2, 'KE', 2012051009101513717, NULL, 1, 'kyoga hauliers', 0, 2010, 12),
(10, 3001, 2, 'KE', 2012051009101513717, NULL, 1, 'kyoga hauliers', 0, 2010, 12),
(11, 3001, 2, 'KE', 2012051009101513717, NULL, 1, 'kyoga hauliers', 0, 2010, 12),
(12, 3001, 2, 'KE', 8001, NULL, 1, 'kyoga hauliers', 0, 2010, 12),
(13, 3001, 2, 'KE', 8001, NULL, 1, 'kyoga hauliers', 0, 2010, 12),
(14, 3001, 2, 'KE', 8001, NULL, 1, 'kyoga hauliers', 0, 2010, 12),
(15, 3001, 2, 'KE', 8001, NULL, 1, 'kyoga hauliers', 0, 2010, 12),
(16, 3001, 2, 'KE', 8001, NULL, 1, 'kyoga hauliers', 0, 2010, 12),
(17, 3001, 2, 'KE', 8001, NULL, 1, 'kyoga hauliers', 0, 2010, 12),
(18, 3001, 2, 'KE', 8001, NULL, 1, 'kyoga hauliers', 0, 2010, 12),
(19, 3001, 2, 'KE', 8001, NULL, 1, 'kyoga hauliers', 0, 2010, 12),
(20, 3001, 2, 'KE', 8001, NULL, 1, 'kyoga hauliers', 0, 2010, 12);

-- 
-- Dumping data for table gpsdata
--
INSERT INTO gpsdata VALUES
(2012050810414424203, 2012050810322415299, -4.024822, 39.721031, NULL, '2012-02-03 09:29:32', 2012050600325788905, 0.000, '0.000', NULL, NULL),
(2012050810414445376, 2012050810322415299, -4.024930, 39.719784, NULL, '2012-02-03 09:31:48', 2012050600325788905, 0.000, '1.500', NULL, NULL),
(2012050810414469388, 2012050810322415299, -4.024724, 39.720192, NULL, '2012-02-03 09:30:35', 2012050600325788905, 0.000, '0.000', NULL, NULL),
(2012050810414493652, 2012050810322415299, -4.025032, 39.721115, NULL, '2012-02-03 09:28:31', 2012050600325788905, 0.000, '1.000', NULL, NULL);

-- 
-- Dumping data for table gpsdevice
--
INSERT INTO gpsdevice VALUES
(2012050810322415299, 'GPS KE 001', '', '', 1);

-- 
-- Dumping data for table gpsstatus
--
INSERT INTO gpsstatus VALUES
(1, 'Start'),
(2, 'InMotion'),
(3, 'Stop');

-- 
-- Dumping data for table graphtype
--
INSERT INTO graphtype VALUES
(0, 'None', ''),
(1, 'Pie', 'pie'),
(2, 'Line', 'line'),
(3, 'Bar', 'bar'),
(4, 'Grouped Bar', 'groupbar');

-- 
-- Dumping data for table hashtable
--
INSERT INTO hashtable VALUES
(1, 'destcountryid', 'Destination Country'),
(2, 'yearid', 'Year'),
(3, 'Destcountry', 'Destination<br>Country'),
(4, 'reportingperiodid', 'Quarter'),
(5, 'monthid', 'Month'),
(6, 'tweight', 'Transit Weight (T)'),
(7, 'Avgweight', 'Average Weight (T)'),
(8, 'Weight', 'Total Weight (T)'),
(133768678982782316, 'reportingperiod', 'Quarter'),
(133768682294268025, 'sum(counts)', 'Counts'),
(133768684790512472, 'sum(weight)', 'Weight'),
(133768687615518057, 'sum(transitcounts)', 'Transit Counts'),
(133768691032435624, 'sum(transitweight)', 'Transit Weight'),
(133771855206247364, 'SUM(CONTAINERIZEDCOUNTS)', 'Containerized Counts'),
(133771858522798753, 'SUM(CONTAINERIZEDWEIGHT)', 'Containerized Weight (T)'),
(133771863035482783, 'CONTAINERIZED RATE (%)', 'Containerized Rate (%)'),
(133771866313681212, 'SUM(TOTALCOUNTS)', 'Total Counts'),
(133771870000721627, 'SUM(TOTALWEIGHT)', 'Total Weight (T)'),
(133776282612462350, 'Indicatorgroup', 'Indicator Group'),
(133776284105256419, 'Indicatorsource', 'Indicator Source');

-- 
-- Dumping data for table imports
--

-- Table ncttca2.imports does not contain any data (it is empty)

-- 
-- Dumping data for table importsexports
--

-- Table ncttca2.importsexports does not contain any data (it is empty)

-- 
-- Dumping data for table indicator
--
INSERT INTO indicator VALUES
(133776329905656506, 'Pipeline Fees', 2, 1, 'Kenya Pileline Corporation (KPC)', 2012041608173039489, 'Transit Fees ', 1, 2),
(135390817681849498, 'Imports and Exports through Mombasa Port', 1, 1, 'Kenya Ports Authority (KPA)', 2012041608172119791, 'Total volume of imports and exports passed through the port of Mombasa (2009-June2012)', 1, 1),
(138558065296147523, 'Time for Customs Clearance at the Document Processing Center (DPC) ', 4, 1, 'Kenya Revenue Authority (KRA)', 2012043010404585529, 'Time for Customs Clearance at the Document Processing Center (DPC) ', 1, 1),
(2012022312020099618, 'Total cargo throughput of the port of Mombasa(TCPMsa) vs transit traffic(TTPMsa) in tonnes', 1, 1, 'Kenya Ports Authority (KPA)', 2012043010401121386, 'TCPMsa = Summation of all cargo''s weight handled within the Port (Tonne);  TTPMsa = Summation of all cargo handled within the port and which cargo have another destination than local market (or the port''s country)', NULL, 1),
(2012022312112120552, 'Volume per country of destination (TC)', 1, 1, 'Kenya Ports Authority (KPA)', 2012041608173039489, 'TC per Country of destination = Summation of all cargo''s weight handled within the Port per Country of destination (Tonne)', NULL, 1),
(2012022312121151135, 'Rate of containerization of transit traffic in percentage (RcTT), annual basis at the Port of Mombasa.', 1, 1, 'Kenya Ports Authority (KPA)', 2012043010401121386, 'Summation of the Transit containerized Cargos Weight divided by Transit Traffic(TTPMsa).', NULL, 1),
(2012030210432665561, 'Licensed fleet of Transit Trucks per Country (TF)', 1, 2, 'KRA, URA', 2012041608172119791, 'TF = Summation of registered (Licensed) vehicles used for international/transit cargo transportation per year and per country.', 1, 1),
(2012030210442091650, 'Average annual distance per truck in km per year (AvanDist)', 1, 2, 'Transporters', 2012041608172119791, 'AvanDist = Average distance achieved per truck per year (or Average number of trip achieved by truck during the year).', NULL, 2),
(2012030210445048944, 'Transport capacity by rail (locomotives and wagons)', 1, 2, 'Rift Valley Railways', 2012041608172119791, 'Railway Capacity = Total number of operational locomotives and wagons (or the proportion of total cargo carried by railway).', NULL, 1),
(2012030210454358949, 'Transport costs per route and per mode (including transit charges) - Northern Corridor Logistics Cost Structure', 2, 2, 'KPA, KRA, Clearing Agents, Transporters, Police', 2012041608172119791, 'TraCstRd = Summation of tariff charge by transporter, transit and other charges per Route and/or section.', NULL, 1),
(2012030210461183679, 'Rail Freight Charges', 2, 2, 'KRC,RVR', 2012041608172119791, 'Freight = Tariff charged by railway operator per section and/or per route.', NULL, 2),
(2012030210475481617, 'Road Freight Charges', 2, 2, 'Transporters (G.T.Tsa/Transporters Asso Rep - Burundi)', 2012041608172119791, 'Freight = Tariff charged by transporter per section and/or per route.', NULL, 1),
(2012030210482825533, 'Port Transit Charges', 2, 2, 'Kenya Ports Authority (KPA)', 2012043010401121386, 'Published tariffs', NULL, 2),
(2012030210485728189, 'Return of empty containers (grace period, penalties, deposit)', 2, 2, 'Transporters, Shipping Lines', 2012041608172119791, 'Published tariffs', NULL, 2),
(2012030210494039322, 'Number of check points, NCP (Weighbridge, Police, Customs, Road Toll) per country per route', 3, 2, 'KeNHA, UNRA, RTDA, OdR, KRA, URA,RRA', 2012041608172119791, 'NCP = Summation of checkpoints by country, by route', NULL, 1),
(2012030210510358352, 'Rate of Fraud or Declared Damage for goods in transit (percentage of total transit)', 3, 2, 'Kenya Ports Authority (KPA)', 2012043010404585529, 'RFDD = Number of Fraud or Declared Damage cases divide by total of Fraud or Declared Damage cases at a node ', NULL, 1),
(2012030210583337317, 'Quality of the transport infrastructure', 3, 2, 'KeNHA, UNRA, RTDA, OdR', 2012041608172119791, 'Defined qualitative descriptions of state of infrastructure, Defined routes, Defined routes sections, Qualitative state of each section', NULL, 1),
(2012030210592715090, 'Volume of containerized and non-containerized handled per year at the Port of Mombasa', 1, 1, 'Kenya Ports Authority (KPA)', 2012043010401121386, 'Summation of volume of Containerized Cargo Handled per day/month/year; Summation of volume of General Cargo Handled per day/month/year ', 1, 1),
(2012030210594031386, 'Number of accidents per route', 3, 2, 'Ministries in Charge of Transport', 2012041608172119791, 'Summation of the number of Accidents, Injuries and Fatalities by Category and Sub Category', 1, 2),
(2012030211000365895, 'Transit time per route per mode of transport', 4, 1, '', 2012041608172119791, 'TT per route = departure date/time from the node minus Arrival date/time at the node.', 1, 2);

-- 
-- Dumping data for table indicator_copy
--
INSERT INTO indicator_copy VALUES
(2012022312020099618, 'Total cargo throughput of the port of Mombasa (TCPMsa) vs transit traffic (TTPMsa) in tonnes', 1, 1, 'Kenya Ports Authority', 2012043010401121386, 'TCPMsa = Summation of all cargo''s weight handled within the Port (Tonne);  TTPMsa = Summation of all cargo handled within the port and which cargo have another destination than local market (or the port''s country)', 'tcpvsttpmsa', 'yearid, monthid, counts, weight, transitCounts, transitWeight', 'weight is not null', '', 'yearid,monthid', 'yearid, monthid', 'yearid, monthid', 24, 4, 'monthid', 'weight,transitWeight', 1, 1),
(2012022312112120552, 'Volume per country of destination', 1, 1, 'Kenya Ports Authority', 2012041608173039489, 'TC per Country of destination = Summation of all cargo''s weight handled within the Port per Country of destination (Tonne)', 'cargo', 'destcountryid, count(*) as ''counts'', round((avg(weight)/ 1000), 2) as ''avgweight'', round((sum(weight)/ 1000), 2) as ''weight'', round((min(weight)/ 1000), 2) as ''minweight'', round((max(weight)/ 1000), 2) as ''maxweight''', 'destcountryid in (''ke'', ''ug'', ''bi'', ''rw'', ''cd'') and weight is not null', NULL, 'yearid,monthid', 'destcountryid', 'destcountryid', 20, 1, 'destcountryid', 'weight', 2, 1),
(2012022312121151135, 'Rate of containerization of transit traffic in percentage (RcTT), annual basis at the Port of Mombasa', 1, 1, 'Kenya Ports Authority', 2012043010401121386, 'Summation of the Transit containerized Cargos Weight divided by TTPMsa.', 'containerizedrate', 'yearid, monthid,containerizedcounts,containerizedweight,containerizedrate,totalcounts,totalweight', '', NULL, 'yearid,monthid', 'yearid, monthid', 'yearid, monthid', 24, 4, 'monthid', 'totalweight,containerizedweight', 1, 1),
(2012030210432665561, 'Evolution of fleet of trucks per country (TF)', 1, 2, 'Kenya Revenue Authority', 2012041608172119791, 'TF = Summation of registered (Licensed) vehicles used for international/transit cargo transportation per year and per country.', 'licences', 'yearid, monthid, regcountryid, stakeholderid, licences', 'transportmodeid=3001', NULL, 'yearid, monthid, regcountryid', 'yearid, monthid, regcountryid', 'yearid,monthid', 24, 4, 'monthid', 'licences', 1, 1),
(2012030210442091650, 'Average annual distance per truck in km per year (AvanDist)', 1, 2, 'Transporters', 2012041608172119791, 'AvanDist = Average distance achieved per truck per year (or Average number of trip achieved by truck during the year).', 'annualdistance', 'yearid,monthid,transportmodeid,studycaseid,triprouteid,distance,annualdistance', '', NULL, 'yearid,monthid,transportmodeid,studycaseid,triprouteid', 'yearid,monthid,transportmodeid,studycaseid,triprouteid', 'yearid,monthid,transportmodeid,studycaseid,triprouteid', 24, 0, '', '', 1, 1),
(2012030210445048944, 'Transport capacity by rail (locomotives and wagons)', 1, 2, 'Rift Valley Railways', 2012041608172119791, 'Railway Capacity = Total number of operational locomotives and wagons (or the proportion of total cargo carried by railway).', 'licences', 'yearid, monthid, regcountryid, stakeholderid, modecarriertypeid, licences', 'transportmodeid=3002', NULL, 'yearid, monthid,modecarriertypeid,regcountryid', 'yearid, monthid, modecarriertypeid, regcountryid', 'yearid,monthid', 24, 0, '', '', 1, 1),
(2012030210454358949, 'Transport costs per route and per mode (including transit charges)', 2, 2, 'KPA, KRA, Clearing Agents, Transporters, Police', 2012041608172119791, 'TraCstRd = Summation of tariff charge by transporter, transit and other charges per Route and/or section.', 'transportcost', 'yearid, monthid, transportmodeid, commonchargeid, routeid, chargetypeid, SUM(charge) AS `charge`', NULL, NULL, '', 'yearid, monthid, transportmodeid, commonchargeid, routeid, chargetypeid, charge', 'yearid, monthid', 24, 0, '', '', 1, 1),
(2012030210461183679, 'Rail Freight', 2, 2, '', 2012041608172119791, 'Freight = Tariff charged by railway operator per section and/or per route.', '', '', '', NULL, '', '', '', 0, 0, '', '', 1, 1),
(2012030210475481617, 'Road Freight', 2, 2, 'Transporters', 2012041608172119791, 'Freight = Tariff charged by transporter per section and/or per route.', 'transportcost', 'yearid, monthid, transportmodeid, commonchargeid, routeid, chargetypeid, SUM(charge) AS `charge`', 'transportmodeid=3001 AND chargetypeid in (2012051417280866662,2012051418211298509,2012051418213780266)', NULL, '', 'yearid, monthid, transportmodeid, commonchargeid, routeid, chargetypeid, charge', 'yearid, monthid', 0, 0, '', '', 1, 1),
(2012030210482825533, 'Port Transit Charges', 2, 2, '', 2012043010401121386, 'Published tariffs', 'subnodecharge', 'yearid, monthid, transportmodeid, commonchargeid, routeid, title, SUM(charge) AS `charge`', 'chargetypeid in (2012051417274754714)', NULL, '', 'yearid, monthid, transportmodeid, commonchargeid, routeid, title, charge', 'yearid, monthid', 0, 0, '', '', 1, 1),
(2012030210485728189, 'Return of empty containers (grace period, penalties, deposit)', 2, 2, 'Transporters, Shipping Lines', 2012041608172119791, 'Published tariffs', 'emptycontainer', 'yearid,monthid,transportmodeid,containertypeid,orgcountryid,destcountryid,deposit,graceperiod,delaypenalty', NULL, NULL, 'yearid,monthid,transportmodeid,containertypeid,orgcountryid,destcountryid', 'yearid,monthid,transportmodeid,containertypeid,orgcountryid,destcountryid', '', 0, 0, NULL, NULL, 1, 1),
(2012030210494039322, 'Number of check points, NCP (Weighbridge, Police, Customs, Road Toll) per country per route', 3, 2, 'KeNHA, KRA, URA,RRA', 2012041608172119791, 'NCP = Summation of checkpoints by country, by route', 'checkpoints', 'countryid, routeid, nodetypeid, checkpoints', '', NULL, 'countryid,routeid,nodetypeid', 'countryid, routeid, nodetypeid', 'countryid, routeid, nodetypeid', 0, 0, '', '', 1, 1),
(2012030210510358352, 'Rate of Fraud or Declared Damage for goods in transit, RFDD (percentage of total transit)', 3, 2, 'Kenya Ports Authority', 2012043010404585529, 'RFDD=Number of Fraud or Declared Damage cases divide by total of Fraud or Declared Damage cases at a node ', 'damages', 'yearid, monthid, nodeid, damagetypeid, total', '', NULL, 'yearid,monthid,nodeid,damagetypeid', 'yearid,monthid,nodeid,damagetypeid', 'yearid, monthid, nodeid, damagetypeid, total', 0, 0, '', '', 1, 1),
(2012030210583337317, 'Quality of the transport infrastructure', 3, 2, '', 2012041608172119791, 'Defined qualitative descriptions of state of infrastructure, Defined routes, Defined routes sections, Qualitative state of each section', 'infrastructure', 'yearid, monthid, countryid, transportmodeid, route, section, sectiondistance, statedistance, qualitativeid, statepercent', '', NULL, 'yearid,monthid,countryid,transportmodeid,qualitativeid', 'yearid,monthid, countryid, transportmodeid, routeid, sectionid, qualitativeid', 'yearid, monthid', 24, 0, '', '', 1, 1),
(2012030210592715090, 'Volume of containerized and general cargo handled per day/month/quarterly at the Port of Mombasa', 3, 1, '', 2012043010401121386, 'Summation of volume of Containerized Cargo Handled per day/month/year; Summation of volume of General Cargo Handled per day/month/year ', 'containerizedrate', 'yearid, monthid,containerizedweight,(totalweight - containerizedweight) AS generalcargweight', '', NULL, 'yearid,monthid', 'yearid, monthid', 'yearid, monthid', 24, 4, 'monthid', 'generalcargweight,containerizedweight', 1, 1),
(2012030210594031386, 'Number of accidents per route', 3, 2, '', 2012041608172119791, 'Summation of the number of Accidents, Injuries and Fatalities by Category and Sub Category', 'accidents', 'yearid,monthid,countryid,routesectionid,adults,children,male,female,fatalities\r\n', '', '', 'yearid,monthid,countryid,routesectionid\r\n', 'yearid,monthid,countryid,routesectionid', 'yearid,monthid,countryid,routesectionid', 0, 4, 'monthid', 'fatalities', 1, 1),
(2012030211000365895, 'Transit Time per route per mode of transport', 4, 1, '', 2012041608172119791, 'TT per route = departure date/time from the node minus Arrival date/time at the node.', '', '', '', NULL, '', '', '', 0, 0, '', '', 1, 1),
(2012030211013277986, 'Transit time origin to destination by country', 4, 1, '', 2012041608172119791, 'TT O-D = Arrival date/time at the destination minus departure date/time from the origin.', '', '', '', NULL, '', '', '', 0, 0, '', '', 1, 1),
(2012030211025363805, 'Average cargo dwell time in Mombasa port', 4, 1, '', 2012041608173039489, 'DT = Exit date/time from the port minus arrival date/time at the port.', 'transit', 'monthid, yearid, count(*) as ''counts'', round(avg((unix_timestamp(`dateout`) - unix_timestamp(`datein`)) / 3600),2) as ''hours'', round(min((unix_timestamp(`dateout`) - unix_timestamp(`datein`)) / 3600),2) as ''minhours''', 'subnodeid = 1 and yearid != 2011', '', 'yearid,monthid', 'yearid,monthid', 'yearid,monthid', 24, 4, 'monthid', 'hours', 2, 1),
(2012030211031594565, 'Time for Customs Clearance in Mombasa Long Room', 4, 1, '', 2012043010404585529, 'TCC = End date/time of process minus Start date/time of process.', 'dwelltime', 'yearid, monthid, counts, hours, minhours, maxhours, stdhours', 'subnodeid = 7 and yearid != 2011 and hours > 0', '', 'yearid,monthid', 'yearid,monthid', 'yearid,monthid ASC', 24, 4, 'monthid', 'hours', 1, 1);

-- 
-- Dumping data for table indicator_copylatest
--
INSERT INTO indicator_copylatest VALUES
(2012022312020099618, 'Total cargo throughput of the port of Mombasa (TCPMsa) vs transit traffic (TTPMsa) in tonnes', 1, 1, 'Kenya Ports Authority', 2012043010401121386, 'TCPMsa = Summation of all cargo''s weight handled within the Port (Tonne);  TTPMsa = Summation of all cargo handled within the port and which cargo have another destination than local market (or the port''s country)', 'tcpvsttpmsa', 'yearid, monthid, counts, weight, transitCounts, transitWeight', 'weight is not null', '', 'yearid,monthid', 'yearid, monthid', 'yearid, monthid', 24, 4, 'monthid', 'weight,transitWeight', 1, 1),
(2012022312112120552, 'Volume per country of destination', 1, 1, 'Kenya Ports Authority', 2012041608173039489, 'TC per Country of destination = Summation of all cargo''s weight handled within the Port per Country of destination (Tonne)', 'cargo', 'destcountryid, count(*) as ''counts'', round((avg(weight)/ 1000), 2) as ''avgweight'', round((sum(weight)/ 1000), 2) as ''weight'', round((min(weight)/ 1000), 2) as ''minweight'', round((max(weight)/ 1000), 2) as ''maxweight''', 'destcountryid in (''ke'', ''ug'', ''bi'', ''rw'', ''cd'') and weight is not null', NULL, 'yearid,monthid', 'destcountryid', 'destcountryid', 20, 1, 'destcountryid', 'weight', 2, 1),
(2012022312121151135, 'Rate of containerization of transit traffic in percentage (RcTT), annual basis at the Port of Mombasa', 1, 1, 'Kenya Ports Authority', 2012043010401121386, 'Summation of the Transit containerized Cargos Weight divided by TTPMsa.', 'containerizedrate', 'yearid, monthid,containerizedcounts,containerizedweight,containerizedrate,totalcounts,totalweight', '', NULL, 'yearid,monthid', 'yearid, monthid', 'yearid, monthid', 24, 4, 'monthid', 'totalweight,containerizedweight', 1, 1),
(2012030210432665561, 'Evolution of fleet of trucks per country (TF)', 1, 2, 'Kenya Revenue Authority', 2012041608172119791, 'TF = Summation of registered (Licensed) vehicles used for international/transit cargo transportation per year and per country.', 'licences', 'yearid, monthid, regcountryid, stakeholderid, licences', 'transportmodeid=3001', NULL, 'yearid, monthid, regcountryid', 'yearid, monthid, regcountryid', 'yearid,monthid', 24, 4, 'monthid', 'licences', 1, 1),
(2012030210442091650, 'Average annual distance per truck in km per year (AvanDist)', 1, 2, 'Transporters', 2012041608172119791, 'AvanDist = Average distance achieved per truck per year (or Average number of trip achieved by truck during the year).', 'annualdistance', 'yearid,monthid,transportmodeid,studycaseid,triprouteid,distance,annualdistance', '', NULL, 'yearid,monthid,transportmodeid,studycaseid,triprouteid', 'yearid,monthid,transportmodeid,studycaseid,triprouteid', 'yearid,monthid,transportmodeid,studycaseid,triprouteid', 24, 0, '', '', 1, 1),
(2012030210445048944, 'Transport capacity by rail (locomotives and wagons)', 1, 2, 'Rift Valley Railways', 2012041608172119791, 'Railway Capacity = Total number of operational locomotives and wagons (or the proportion of total cargo carried by railway).', 'licences', 'yearid, monthid, regcountryid, stakeholderid, modecarriertypeid, licences', 'transportmodeid=3002', NULL, 'yearid, monthid,modecarriertypeid,regcountryid', 'yearid, monthid, modecarriertypeid, regcountryid', 'yearid,monthid', 24, 0, '', '', 1, 1),
(2012030210454358949, 'Transport costs per route and per mode (including transit charges)', 2, 2, 'KPA, KRA, Clearing Agents, Transporters, Police', 2012041608172119791, 'TraCstRd = Summation of tariff charge by transporter, transit and other charges per Route and/or section.', 'transportcost', 'yearid, monthid, transportmodeid, commonchargeid, routeid, chargetypeid, SUM(charge) AS `charge`', NULL, NULL, '', 'yearid, monthid, transportmodeid, commonchargeid, routeid, chargetypeid, charge', 'yearid, monthid', 24, 0, '', '', 1, 1),
(2012030210461183679, 'Rail Freight', 2, 2, 'KRC,RVR', 2012041608172119791, 'Freight = Tariff charged by railway operator per section and/or per route.', 'transportcost', 'yearid, monthid, transportmodeid, commonchargeid, routeid, chargetypeid, SUM(charge) AS `charge`', 'transportmodeid=3002 AND chargetypeid in (2012051417280866662,2012051418211298509,2012051418213780266)', NULL, '', 'yearid, monthid, transportmodeid, commonchargeid, routeid, chargetypeid, charge', 'yearid, monthid', 0, 0, '', '', 1, 1),
(2012030210475481617, 'Road Freight', 2, 2, 'Transporters', 2012041608172119791, 'Freight = Tariff charged by transporter per section and/or per route.', 'transportcost', 'yearid, monthid, transportmodeid, commonchargeid, routeid, chargetypeid, SUM(charge) AS `charge`', 'transportmodeid=3001 AND chargetypeid in (2012051417280866662,2012051418211298509,2012051418213780266)', NULL, '', 'yearid, monthid, transportmodeid, commonchargeid, routeid, chargetypeid, charge', 'yearid, monthid', 0, 0, '', '', 1, 1),
(2012030210482825533, 'Port Transit Charges', 2, 2, '', 2012043010401121386, 'Published tariffs', 'subnodecharge', 'yearid, monthid, transportmodeid, commonchargeid, routeid, title, SUM(charge) AS `charge`', 'chargetypeid in (2012051417274754714)', NULL, '', 'yearid, monthid, transportmodeid, commonchargeid, routeid, title, charge', 'yearid, monthid', 0, 0, '', '', 1, 1),
(2012030210485728189, 'Return of empty containers (grace period, penalties, deposit)', 2, 2, 'Transporters, Shipping Lines', 2012041608172119791, 'Published tariffs', 'emptycontainer', 'yearid,monthid,transportmodeid,containertypeid,orgcountryid,destcountryid,deposit,graceperiod,delaypenalty', NULL, NULL, 'yearid,monthid,transportmodeid,containertypeid,orgcountryid,destcountryid', 'yearid,monthid,transportmodeid,containertypeid,orgcountryid,destcountryid', '', 0, 0, NULL, NULL, 1, 1),
(2012030210494039322, 'Number of check points, NCP (Weighbridge, Police, Customs, Road Toll) per country per route', 3, 2, 'KeNHA, KRA, URA,RRA', 2012041608172119791, 'NCP = Summation of checkpoints by country, by route', 'checkpoints', 'countryid, routeid, nodetypeid, checkpoints', '', NULL, 'countryid,routeid,nodetypeid', 'countryid, routeid, nodetypeid', 'countryid, routeid, nodetypeid', 0, 0, '', '', 1, 1),
(2012030210510358352, 'Rate of Fraud or Declared Damage for goods in transit, RFDD (percentage of total transit)', 3, 2, 'Kenya Ports Authority', 2012043010404585529, 'RFDD=Number of Fraud or Declared Damage cases divide by total of Fraud or Declared Damage cases at a node ', 'damages', 'yearid, monthid, nodeid, damagetypeid, total', '', NULL, 'yearid,monthid,nodeid,damagetypeid', 'yearid,monthid,nodeid,damagetypeid', 'yearid, monthid, nodeid, damagetypeid, total', 0, 0, '', '', 1, 1),
(2012030210583337317, 'Quality of the transport infrastructure', 3, 2, '', 2012041608172119791, 'Defined qualitative descriptions of state of infrastructure, Defined routes, Defined routes sections, Qualitative state of each section', 'infrastructure', 'yearid, monthid, countryid, transportmodeid, route, section, sectiondistance, statedistance, qualitativeid, statepercent', '', NULL, 'yearid,monthid,countryid,transportmodeid,qualitativeid', 'yearid,monthid, countryid, transportmodeid, routeid, sectionid, qualitativeid', 'yearid, monthid', 24, 0, '', '', 1, 1),
(2012030210592715090, 'Volume of containerized and general cargo handled per day/month/quarterly at the Port of Mombasa', 3, 1, '', 2012043010401121386, 'Summation of volume of Containerized Cargo Handled per day/month/year; Summation of volume of General Cargo Handled per day/month/year ', 'containerizedrate', 'yearid, monthid,containerizedweight,(totalweight - containerizedweight) AS generalcargweight', '', NULL, 'yearid,monthid', 'yearid, monthid', 'yearid, monthid', 24, 4, 'monthid', 'generalcargweight,containerizedweight', 1, 1),
(2012030210594031386, 'Number of accidents per route', 3, 2, '', 2012041608172119791, 'Summation of the number of Accidents, Injuries and Fatalities by Category and Sub Category', 'accidents', 'yearid,monthid,countryid,routesectionid,adults,children,male,female,fatalities\r\n', '', '', 'yearid,monthid,countryid,routesectionid\r\n', 'yearid,monthid,countryid,routesectionid', 'yearid,monthid,countryid,routesectionid', 0, 4, 'monthid', 'fatalities', 1, 1),
(2012030211000365895, 'Transit Time per route per mode of transport', 4, 1, '', 2012041608172119791, 'TT per route = departure date/time from the node minus Arrival date/time at the node.', '', '', '', NULL, '', '', '', 0, 0, '', '', 1, 0),
(2012030211013277986, 'Transit time origin to destination by country', 4, 1, '', 2012041608172119791, 'TT O-D = Arrival date/time at the destination minus departure date/time from the origin.', '', '', '', NULL, '', '', '', 0, 0, '', '', 1, 0),
(2012030211025363805, 'Average cargo dwell time in Mombasa port', 4, 1, '', 2012041608173039489, 'DT = Exit date/time from the port minus arrival date/time at the port.', 'dwelltime', 'yearid, monthid, counts, hours, minhours, maxhours, stdhours', 'subnodeid = 1 and yearid != 2011 and hours > 0', '', 'yearid,monthid', 'yearid,monthid', 'yearid,monthid', 10, 4, 'monthid', 'hours', 2, 1),
(2012030211031594565, 'Time for Customs Clearance in Mombasa Long Room', 4, 1, '', 2012043010404585529, 'TCC = End date/time of process minus Start date/time of process.', 'dwelltime', 'yearid, monthid, counts, hours, minhours, maxhours, stdhours', 'subnodeid = 7 and yearid != 2011 and hours > 0', '', 'yearid,monthid', 'yearid,monthid', 'yearid,monthid ASC', 24, 4, 'monthid', 'hours', 1, 1);

-- 
-- Dumping data for table indicatorgroup
--
INSERT INTO indicatorgroup VALUES
(1, 'Volume and Capacity', 1),
(2, 'Rates and Costs', 1),
(3, 'Efficiency and Productivity', 1),
(4, 'Transit Time and Delays', 1);

-- 
-- Dumping data for table indicatorsource
--
INSERT INTO indicatorsource VALUES
(1, 'Electronic Data Source'),
(2, 'Surveys'),
(3, 'GPS'),
(2012043010482315227, 'Node Audits');

-- 
-- Dumping data for table indicatorsubtype
--
INSERT INTO indicatorsubtype VALUES
(121120121156, 2012030210494039322, 1, 'checkpointlist', 'yearid,monthid,countryid,routesection,subsection,location,checkpoints,checkpointtype', NULL, NULL, 'countryid', NULL, NULL, 24, NULL, NULL, NULL, NULL, 1),
(235689986532, 2012022312020099618, 2, 'totalvstransitcargo', 'yearid,reportingperiodid,sum(counts),sum(weight),sum(transitCounts),sum(transitWeight)', '', '', 'yearid,reportingperiodid', 'yearid,reportingperiodid', 'yearid,reportingperiodid', 24, 4, 'reportingperiodid', 'sum(weight),sum(transitWeight)', 1, 1),
(235689986533, 2012022312112120552, 2, 'destvolumequaterly', 'yearid,reportingperiodid,destcountryid,counts,avgweight,minweight,maxweight,stdweight,weight', '', NULL, 'yearid,reportingperiodid', 'destcountryid', 'destcountryid', 24, 1, 'destcountryid', 'weight', 1, 1),
(235689986534, 2012022312121151135, 2, 'transitcontrate', 'yearid,reportingperiodid,containerizedcounts,sum(containerizedweight),sum(transitweight),((sum(containerizedweight)/sum(transitweight))*100) AS containerizationrate', 'transitweight > containerizedweight', '', 'yearid,reportingperiodid', 'yearid,reportingperiodid', 'yearid,reportingperiodid', 24, 4, 'reportingperiodid', 'containerizationrate', 1, 1),
(235689986535, 2012030210432665561, 2, 'licencequarterly', 'yearid,reportingperiodid,regcountryid,stakeholderid,licences', 'transportmodeid=3001 AND yearid != 2009', NULL, 'yearid,reportingperiodid,regcountryid', 'yearid,reportingperiodid,regcountryid', 'yearid,reportingperiodid', 24, 4, 'reportingperiodid', 'licences', 1, 1),
(235689986537, 2012030210445048944, 2, 'licencequarterly', 'yearid,reportingperiodid,regcountryid,stakeholderid,modecarriertypeid,licences', 'transportmodeid=3002', NULL, 'yearid,reportingperiodid,modecarriertypeid,regcountryid', 'yearid,reportingperiodid,modecarriertypeid,regcountryid', 'yearid,reportingperiodid', 24, 0, '', '', 1, 2),
(235689986538, 2012030210454358949, 3, 'costsummary', 'yearid,CostType,PercentageCost', '', '', 'yearid', '', '', 24, 1, 'CostType', 'PercentageCost', 1, 1),
(235689986540, 2012030210475481617, 2, 'transportcost', 'yearid,reportingperiodid,transportmodeid,commonchargeid,routeid,chargetypeid,SUM(charge) AS `charge`', 'transportmodeid=3001 AND chargetypeid in (2012051417280866662,2012051418211298509,2012051418213780266)', '', '', 'yearid,reportingperiodid,transportmodeid,commonchargeid,routeid,chargetypeid,charge', 'yearid,reportingperiodid', 0, 0, '', '', 1, 2),
(235689986544, 2012030210510358352, 2, 'damages', 'yearid,reportingperiodid,nodeid,damagetypeid,total', NULL, NULL, 'yearid,reportingperiodid,nodeid,damagetypeid', 'yearid,reportingperiodid,nodeid,damagetypeid', 'yearid,reportingperiodid,nodeid,damagetypeid,total', 0, 0, '', '', 1, 2),
(235689986545, 2012030210583337317, 2, 'infrastructure', 'yearid,reportingperiodid,countryid,transportmodeid,route,section,sectiondistance,statedistance,qualitativeid,statepercent', NULL, 'countryid,', 'yearid,reportingperiodid,qualitativeid', 'yearid,reportingperiodid,countryid,transportmodeid,routeid,sectionid,qualitativeid', 'yearid,reportingperiodid', 24, 0, '', '', 1, 2),
(235689986546, 2012030210592715090, 1, 'allcontnoncont', 'yearid,monthid,sum(containerized), sum(noncontainerized)', NULL, NULL, 'yearid,monthid', 'yearid,monthid', 'yearid,monthid', 24, 4, 'monthid', 'sum(containerized), sum(noncontainerized)', 1, 1),
(235689986550, 2012030211025363805, 2, 'dwelltimequarterly', 'yearid,reportingperiodid,counts,hours,minhours,maxhours,stdhours', 'subnodeid = 1 and yearid and hours >= 0  and hours < 1000', '', 'yearid,reportingperiodid', 'yearid,reportingperiodid', 'yearid,reportingperiodid', 10, 4, 'reportingperiodid', 'hours', 1, 1),
(235689986551, 2012030211031594565, 2, 'dwelltimequarterly', 'yearid,reportingperiodid,counts,hours,minhours,maxhours,stdhours', 'subnodeid = 7 and yearid and hours >= 0', NULL, 'yearid,reportingperiodid', 'yearid,reportingperiodid', 'yearid,reportingperiodid ASC', 24, 4, 'reportingperiodid', 'hours', 1, 1),
(235689986552, 2012030211033516765, 2, 'dwelltimequarterly', 'yearid,reportingperiodid,counts,hours,minhours,maxhours,stdhours', 'subnodeid = 8  and hours >= 0 and hours < 250 and counts > 100', NULL, 'yearid,reportingperiodid', 'yearid,reportingperiodid', 'yearid,reportingperiodid ASC', 24, 4, 'reportingperiodid', 'hours', 1, 1),
(235689986553, 2012030211035652368, 2, 'bordercrossing', 'yearid,reportingperiodid,nodeid,outcounts,outhours,incounts,inhours', '', 'nodeid', 'yearid,reportingperiodid', 'yearid,reportingperiodid,nodeid', 'yearid,reportingperiodid ASC', 18, 4, 'reportingperiodid', 'outhours,inhours', 1, 2),
(235689986554, 2012030211043734703, 2, 'dwelltimequarterly', 'yearid,reportingperiodid,counts,hours,minhours,maxhours,stdhours', 'subnodeid = 2012051112405247363 and yearid != 2011 and hours >= 0', NULL, 'yearid,reportingperiodid', 'yearid,reportingperiodid', 'yearid,reportingperiodid', 24, 4, 'reportingperiodid', 'hours', 1, 2),
(235689986555, 2012030211045865381, 2, 'dwelltimequarterly', 'yearid,reportingperiodid,counts,hours,minhours,maxhours,stdhours', 'subnodeid = 2012051413091916439 and hours >= 0 and hours < 100', '', 'yearid,reportingperiodid', 'yearid,reportingperiodid', 'yearid,reportingperiodid', 24, 4, 'reportingperiodid', 'hours', 1, 1),
(235689986556, 2012030211054175525, 2, 'dwelltimequarterly', 'yearid,reportingperiodid,counts,hours,minhours,maxhours,stdhours', 'subnodeid = 2012051112405247363 and yearid != 2011 and hours >= 0', '', 'yearid,reportingperiodid', 'yearid,reportingperiodid', 'yearid,reportingperiodid', 24, 4, 'reportingperiodid', 'hours', 1, 2),
(235689986559, 2012031312162131752, 2, 'dwelltimequarterly', 'yearid,reportingperiodid,counts,hours,minhours,maxhours,stdhours', 'subnodeid = 6 and hours >= 1', NULL, 'yearid,reportingperiodid', 'yearid,reportingperiodid', 'yearid,reportingperiodid ASC', 24, 4, 'reportingperiodid', 'hours', 1, 1),
(235689986560, 2012032117483755042, 2, 'dwelltimequarterly', 'yearid,reportingperiodid,counts,hours,minhours,maxhours,stdhours', 'subnodeid = 5 and hours >= 48', NULL, 'yearid,reportingperiodid', 'yearid,reportingperiodid', 'yearid,reportingperiodid ASC', 24, 4, 'reportingperiodid', 'hours', 1, 1);

-- 
-- Dumping data for table indicatortype
--
INSERT INTO indicatortype VALUES
(1, 'Monthly'),
(2, 'Quarterly'),
(3, 'Annual');

-- 
-- Dumping data for table indicatorview
--
INSERT INTO indicatorview VALUES
(2012042709383376241, 'View By Category', 'indicatorgroupid', 1),
(2012042709404390051, 'View By Disaggregation', 'disaggregationid', 1),
(2012042709412515062, 'View By Data Source', 'indicatorsourceid', 1),
(2012050810463899807, 'View By Location', 'transitpointid', 1);

-- 
-- Dumping data for table infrastructure
--

-- Table ncttca2.infrastructure does not contain any data (it is empty)

-- 
-- Dumping data for table language
--
INSERT INTO language VALUES
(1, 'English', 'en', 1),
(2, 'French', 'fr', 1);

-- 
-- Dumping data for table licencequarterly
--

-- Table ncttca2.licencequarterly does not contain any data (it is empty)

-- 
-- Dumping data for table licencesannual
--

-- Table ncttca2.licencesannual does not contain any data (it is empty)

-- 
-- Dumping data for table licencesmonthly
--

-- Table ncttca2.licencesmonthly does not contain any data (it is empty)

-- 
-- Dumping data for table location
--
INSERT INTO location VALUES
(2312455698, 'Mombasa', 7001, 'KE', NULL, NULL),
(2312455699, 'Nairobi', 7002, 'KE', NULL, NULL),
(2312455700, 'Kisumu', 7003, 'KE', NULL, NULL),
(2312455701, 'Mombasa', 7004, 'KE', NULL, NULL),
(2312455702, 'Nairobi', 7005, 'KE', NULL, NULL),
(2312455703, 'Eldoret', 7006, 'KE', NULL, NULL),
(2312455704, 'Malaba', 7007, 'UG', NULL, NULL),
(2312455705, 'Jinja', 7008, 'UG', NULL, NULL),
(2312455706, 'Kampala', 7009, 'UG', NULL, NULL),
(2312455707, 'Masaka', 7010, 'UG', NULL, NULL),
(2312455708, 'Kabale', 7011, 'UG', NULL, NULL),
(2312455709, 'Malaba', 7012, 'UG', NULL, NULL),
(2312455710, 'Jinja', 7013, 'UG', NULL, NULL),
(2312455711, 'Kampala', 7014, 'UG', NULL, NULL),
(2312455712, 'Malaba', 7015, 'UG', NULL, NULL),
(2312455713, 'Jinja', 7016, 'UG', NULL, NULL),
(2312455714, 'Kampala', 7017, 'UG', NULL, NULL),
(2312455715, 'Malaba', 7018, 'UG', NULL, NULL),
(2312455716, 'Tororo', 7019, 'UG', NULL, NULL),
(2312455717, 'Malaba', 7020, 'UG', NULL, NULL);

-- 
-- Dumping data for table mailinglist
--
INSERT INTO mailinglist VALUES
(133758658257567872, 'Emile SINZUMUSI', 'esinzumusi@ttca.org', '2012-05-21 10:49:42'),
(133776191305294583, 'Alex Ruzi', 'aruzindana@ttcanc.org', '2012-05-23 11:31:53'),
(134935423193741243, 'gyewxmzrf', 'ewyfkt@xdhpei.com', '2012-10-04 15:37:11'),
(134942562527844229, 'xvzcolfjvt', 'qchijs@puhuxi.com', '2012-10-05 11:27:05'),
(134986788703277510, 'lrlfwku', 'cicfkb@zmqcke.com', '2012-10-10 14:18:07'),
(135060650295354547, 'ydnajjwmx', 'qgidhe@bwhdzi.com', '2012-10-19 03:28:22'),
(135067734080334099, 'ecpxatsrz', 'xckoem@ahgwzh.com', '2012-10-19 23:09:00'),
(135381894499863542, 'mpwnfuts', 'wollqt@ogibnz.com', '2012-11-25 07:49:04'),
(135414773719912722, 'vkjeglyze', 'nlbvxg@dbxnoh.com', '2012-11-29 03:08:57'),
(135589110038321479, 'wcyopmjbr', 'zkdylx@quxukb.com', '2012-12-19 07:25:00'),
(135709698399693064, 'pnkoiyhze', 'fnjylg@irrarq.com', '2013-01-02 06:23:03'),
(136041635077956577, 'keglotakskk', 'ttzkyn@rudmxm.com', '2013-02-09 16:25:50'),
(136415732816264657, 'ozjqkzgs', 'xutxga@ynshck.com', '2013-03-24 23:35:28'),
(136418613411267546, 'emkxngaduu', 'xyhtnj@ypbxow.com', '2013-03-25 07:35:34'),
(136539082413592431, 'wxsbgmd', 'bisycj@fkjuvu.com', '2013-04-08 06:13:44'),
(136601655660536386, 'cykxgj', 'sksjwr@ihekav.com', '2013-04-15 12:02:36'),
(136601694702179236, 'wytajhawyr', 'ebzoms@oelrgo.com', '2013-04-15 12:09:07'),
(136683102800446943, 'patrik', 'dbfuzz@hotmail.com', '2013-04-24 22:17:08'),
(136739133406449833, 'tlqdxoovi', 'zuyldi@uiunum.com', '2013-05-01 09:55:34'),
(136772921564972160, 'tkcfmikh', 'rrnhcz@njgtgg.com', '2013-05-05 07:46:55');

-- 
-- Dumping data for table mainfeature
--
INSERT INTO mainfeature VALUES
(1, 'Weekly Monitoring of the Cargo Dwell time at the port (28th Oct - 25th Nov)', 'The graph shows the cargo dwell time at the port of Mombasa (the difference between landing of and exiting of containers at  the port)\r\nBetween 28th October 2014 and 25th November 2014,  the port dwell time has been oscillating between 46 and 60 hours. During the period, only two weeks of 11th and 18th were below the benchmark of 48hours.\r\nFrom 18th November 2014 to 25th November 2014, the dwell time increases by 14.01 hours from 46.16hours to 60.17 hours\r\n', 'dwell-time-port-26nov.png', '', 1);

-- 
-- Dumping data for table market
--
INSERT INTO market VALUES
(1, 'Import'),
(2, 'Export'),
(3, 'Regional'),
(4, 'Return of Empty Containers');

-- 
-- Dumping data for table menu
--
INSERT INTO menu VALUES
(1, 'Site Main Menu'),
(2, 'Admin Menu'),
(3, 'Site Bottom Menu');

-- 
-- Dumping data for table modecarrier
--
INSERT INTO modecarrier VALUES
(2012031611394975775, 'Truck');

-- 
-- Dumping data for table modecarriermake
--

-- Table ncttca2.modecarriermake does not contain any data (it is empty)

-- 
-- Dumping data for table modecarriermodel
--

-- Table ncttca2.modecarriermodel does not contain any data (it is empty)

-- 
-- Dumping data for table modecarriertype
--
INSERT INTO modecarriertype VALUES
(8001, 'Transit Trucks'),
(2012051009101513717, 'Transit Trailer'),
(2012051612194973634, 'Freight Wagons'),
(2012051612204783976, 'Freight and Passenger Locomotives'),
(2012051612211137896, 'Passenger Coaches');

-- 
-- Dumping data for table month
--
INSERT INTO month VALUES
(1, 'January', 1),
(2, 'February', 1),
(3, 'March', 1),
(4, 'April', 2),
(5, 'May', 2),
(6, 'June', 2),
(7, 'July', 3),
(8, 'August', 3),
(9, 'September', 3),
(10, 'October', 4),
(11, 'November', 4),
(12, 'December', 4);

-- 
-- Dumping data for table news
--
INSERT INTO news VALUES
(135391800888176665, '35Th Executive Board Meetings Of The Northern Corridor Permanent Secretariat', 'NCTTCA', 'The 35th Meeting of the Executive Board of the Transit Transport Coordination Authority of the Northern Corridor was held at Mombasa Continental Resort, Mombasa, Kenya from 4 to 7 June 2012.', '<p><img style="margin: 5px; border: 0px none; float: left;" title="35ExecBoard.jpg" src="http://www.ttcanc.org/images/35ExecBoard.jpg" alt="35ExecBoard.jpg" width="265" height="161" /></p>\r\n<p>The 35th Meeting of the Executive Board of the Transit Transport Coordination Authority of the Northern Corridor was held at Mombasa Continental Resort, Mombasa, Kenya from 4 to 7 June 2012.</p>\r\n<p>&nbsp;</p>\r\n<p>The meeting was attended by delegates from the Member States of Democratic Republic of Congo, Kenya, Rwanda and Uganda. Representatives of South Sudan attended as observers.</p>\r\n<p>&nbsp;</p>\r\n<p>In his statement, the Executive Secretary, Mr. Donat M. BAGULA , welcomed all the participants to Mombasa, the Headquarters of the TTCA-NC, thanked the Members of the Executive Board for recommending his appointment to the TTCA-NC Council of Ministers, and his subsequent appointment as Executive Secretary of the Organization.</p>\r\n<p>&nbsp;</p>\r\n<p>He noted that the Secretariat has, since its last meeting held in Kampala in December 2011, undertaken a number of activities including the evaluation of the Strategic Plan 2007/2011, and the development of the Strategic Plan 2012/2016 with the technical assistance of UNECA. This five-year Successor Strategic Plan was validated on 14th May 2012 by experts from the five Northern Corridor member States plus South Sudan.</p>\r\n<p>&nbsp;</p>\r\n<p>With regards to Corridor Performance Monitoring System, the Executive Secretary informed the meeting that the design and the development of the Transport Observatory with the support of Trade Mark East Africa (TMEA), is in place and operational since last week on the 25th May 2012. The infrastructure, equipment, data base and interface design, testing and deployment, including training the TTCA-NC technical personnel were all done.</p>\r\n<p>&nbsp;</p>\r\n<p>Mr. Bagula also talked about other ongoing projects and others for which the Secretariat is still seeking funding and ended by thanking the Member States for giving priority to the development and maintenance of transport infrastructures.</p>\r\n<p>&nbsp;</p>\r\n<p>In his opening remarks, the Chairman of the Executive Board, Mr. Charles Muganzi , thanked the Secretariat for the warm welcome extended to members since their arrival in Mombasa, thanked the Government of Kenya for hosting the TTCA-NC Secretariat and the continued support it has accorded to the Secretariat. He also thanked the Member States for their support to the Secretariat, notably their contributions and regular inputs in terms of information, data and advice.</p>\r\n<p>&nbsp;</p>\r\n<p>He congratulated the new Executive Secretary on his appointment and urged him to do his best in running the Secretariat diligently by implementing TTCA-NC program of activities. He also promised that the chairmanship under the leadership of Uganda will accord him all the necessary support to carry out his mandate.</p>\r\n<p>&nbsp;</p>\r\n<p>He pointed out that the Government of South Sudan had applied to become a full Member State. He indicated that this application was most welcome and that its consideration was awaiting the ratification of the Northern Corridor Agreement by a third State before South Sudan can obtain the status of a full time member.</p>\r\n<p>&nbsp;</p>\r\n<p>Concerning the Budget, the Executive Board approved the proposed Budget for the financial year 2012/2013.</p>\r\n<p>&nbsp;</p>\r\n<p>The Executive Board also made considerations and made recommendations on the Program Activities of the different Departments, namely: Transport Policy &amp; Planning, Infrastructure Development &amp; Management, Customs &amp; Trade Facilitation, and Private Sector Investment Promotion.</p>\r\n<p>&nbsp;</p>\r\n<p>Under the Transport Policy &amp; Planning program, the Executive Board tackled among other items, the Design and Development of the Transport Observatory System,the Evaluation of the Strategic Plan 2007-2011 and the adoption of the successor Strategic Plan 2012-2016.</p>\r\n<p>&nbsp;</p>\r\n<p>Concerning the Transport Observatory, after a demonstration of the developed online system by the Permanent Secretariat, the Executive Board noted that the Transport Observatory System of the TTCA-NC was ready to commence its operations and urged stakeholders including the Ministries of Transports, Ports, Revenue Authorities and Weigh Bridge Managers to provide the required data for the Observatory on a regular basis for production of corridor performance reports.</p>\r\n<p>&nbsp;</p>\r\n<p>Concerning the Strategic Plan, The Executive Board took in account the Evaluation Report of the Strategic Plan 2007-2011 and further reviewed and adopted the 2012-2016 Strategic Plan with amendments mainly on the logical and implementation frameworktably. A new program related to Monitoring and Evaluation was created to sustain the corridor monitoring system and an effective mechanism to monitor the strategic plan implementation.</p>\r\n<p>&nbsp;</p>\r\n<p>With regard to Customs &amp; Trade Facilitation, the Executive Board&rsquo;s attention focused mostly on items such as the Progress on Implementation of the COMESA Trade Facilitation Instruments, Customs Warehouse Rent and related issues, Survey of the Northern Corridor Transit Routes, use of International Commercial Terms (Incoterms), and Electronic Single Window System.</p>\r\n<p>&nbsp;</p>\r\n<p>Concerning the Program of Infrastructure Development &amp; Management, attention was mostly drawn on the Implementation of the Infrastructure Master Plan in the Northern Corridor.</p>\r\n<p>&nbsp;</p>\r\n<p>The Executive Board noted that a major road rehabilitation programme was underway along the Northern Corridor sections in DR-Congo provinces of North and South Kivu, as well as in the Oriental Province with financial support from various donors such as China, European Union, World Bank, AfDB and DFID, JICA.</p>\r\n<p>&nbsp;</p>\r\n<p>The Executive Board also noted that Uganda was in the process of conducting surveys in order to increase the capacity of congested roads, that is, the new Kampala-Jinja road, Kampala &ndash; Mpigi road, and Kampala and Mbarara by-pass roads.</p>\r\n<p>&nbsp;</p>\r\n<p>The Executive Board instructed the Secretariat to continue monitoring the implementation of decisions in 3 others Member States (Rwanda, Burundi and Kenya) preferably before the next meeting of the technical committee on Development and Management of Infrastructures scheduled for October.</p>\r\n<p>&nbsp;</p>\r\n<p>Attention was also drawn on the Implementation of the One Stop Border Posts (OSBPs) Projects. The Executive Board instructed the Secretariat to continue working closely with AfDB in order to implement the OSBP projects and exploring other potential donors/partners, notably JICA, TMEA/Tripartite UPP Fund, DBSA/RSDI to undertake other programmes in compliance with the Strategic Plan.</p>\r\n<p>&nbsp;</p>\r\n<p>With regard to the Program of Private Sector Investment Promotion, the Executive Board drew more attention among other items on the Initiatives for promoting the Spatial Development Initiative, (SDI), and Marketing of Investment Projects and Promotion of PPPs in Infrastructure Projects along the Northern Corridor.</p>', '', '2012-06-04 00:00:00', 2),
(135391819005863860, 'TTCA-NC, TMEA & KTA HOLD A JOINT WORKSHOP ON THE TRANSPORT OBSERVATORY & GPS PROJECTS ', 'TTCA-NC', 'The Permanent Secretariat of the Transit Transport Coordination Authority of the Northern Corridor (TTCA-NC) with support from Trade Mark East Africa organized a two day''s joint consultative workshop at Eden Beach Resort in Mombasa Kenya from 31- 1st Nov 2012. ', '<p><img style="float: left; margin: 5px; border: 0px;" title="TOPworkshop1.jpg" src="http://ttcanc.org/images/TOPworkshop1.jpg" alt="TOPworkshop1.jpg" width="249" height="140" />The Permanent Secretariat of the Transit Transport Coordination Authority of the Northern Corridor (TTCA-NC) with support from Trade Mark East Africa organized a two day''s joint consultative workshop at Eden Beach Resort in Mombasa Kenya from 31- 1st Nov 2012.</p>\r\n<p>&nbsp;</p>\r\n<p>The objectives of the Joint consultative workshop bringing together TTCA-NC, TMEA and KTA - Partners in the implementation of the Transport Observatory and GPS Projects were to:</p>\r\n<p>&nbsp;</p>\r\n<p>&nbsp;</p>\r\n<p>&nbsp;</p>\r\n<p>&nbsp;</p>\r\n<p>&nbsp;</p>\r\n<ol>\r\n<li>Discuss progress of the various aspects of the Transport Observatory Project          \r\n<ul>\r\n<li>Status of web-based Application</li>\r\n<li>Infrastructure and hosting environment</li>\r\n</ul>\r\n</li>\r\n<li>Look at all data available and Data collection Challenges</li>\r\n<li>Discuss the status of the various aspects of the GPS project</li>\r\n<li>Develop a work plan for the next steps before and after the launch</li>\r\n</ol>\r\n<p>During the two days deliberations, members were informed of the successful development, deployment of the web-based application, acquisition and setup of state-of-art Hosting Environment at the Secretariat to house both the Observatory and GPS system.</p>\r\n<p>&nbsp;</p>\r\n<p>Under the data collections and indicators, the team deliberated on the state of all computerized data available, challenges, showcase of indicators generated from the two sets of computerized data. This was followed with status of the survey data, indicators that can be generated and gaps and challenges faced. Analysis of both data sets (i.e. Computers &amp; Survey/Node Audits) was deliberated upon and a final set of indicators with data confirmed for the launch.</p>\r\n<p>&nbsp;</p>\r\n<p>Finally the workshop pledged to have the Transport observatory launched on 6th December by TTCA Council of Ministers, developed a set of deliverable &amp; key actions for he launch and agreed to continue the piloting of the GPS. A work plan for the next steps before and after the launch was also developed and responsibilities were assigned to different individuals.</p>', '', '2012-11-02 00:00:00', 2),
(135391839234518219, 'The Forthcoming Northern Corridor Policy Organs Meeting ', 'TTCA-NC', 'The 24th meeting of the Council of Ministers and 36th Meeting of the Executive Board of the Northern Corridor Authority is due to take from 3 -7 December 2012 in Mombasa, Kenya', '<p><img style="float: left; margin: 5px; border: 0px;" title="TTCA_HQ1.jpg" src="http://ttcanc.org/images/TTCA_HQ1.jpg" alt="TTCA_HQ1.jpg" width="200" height="145" />The 36<sup>th</sup> Meeting of the Executive Board and 24th meeting of the Council of Ministers of the Northern Corridor Authority is due to take place at Nyali International Beach Hotel in Mombasa, Kenya from the 3<sup>rd-</sup> 7<sup>th</sup> December 2012.</p>\r\n<p>&nbsp;</p>\r\n<p>The Council of Ministers meeting comes after the Executive Board&rsquo;s meeting and will be from 6 to 7 December 2012.The theme of this policy organs meeting is: <strong><em>Moving towards a seamless corridor and extending the Northern Corridor Borders.</em></strong></p>\r\n<p><strong><em><br /></em></strong></p>\r\n<p>Both the Executive Board and the Council of Ministers meetings will discuss matters pertaining to Corridor performance, Program Activities for Transport Policy, Infrastructure Development, Customs and Trade Facilitation and Private Sector Investment promotion. Also to be discussed will be Finance and Administration related matters with key focus on budget execution, and filling of vacant positions at the Permanent Secretariat. The extension of the Organisation by admitting of South Soudan as 6<sup>th</sup> Members of the Authority will be considered.</p>\r\n<p>&nbsp;</p>\r\n<p>This policy organs meetings will also oversee and lead the launch of &lt;<strong>The Northern Corridor Strategic<em> Plan 2012 -2016 </em></strong>&gt; and &lt; <strong>The Transport Observatory</strong> &ndash; <em>a web base database for Corridor Performance Monitoring</em>&gt; both of which are key milestones and achievements for the Secretariat.&nbsp;</p>', '', '2012-11-22 00:00:00', 2),
(135391869160389233, 'Workshop To Review The Evaluation Report On Implementation of the 2007-2011 Strategic Plan and the successor 2012-2016 Strategic Plan ', 'NCTTCA', 'The Permanent Secretariat commenced the process of evaluating the implementation of the Strategic Plan 2007-2011 and elaboration of the successor Strategic Plan 2012-2016', '<p><img style="float: left; margin: 5px; border: 0px;" title="workshop-to-review-the-evaluation.jpg" src="http://www.ttcanc.org/images/workshop-to-review-the-evaluation.jpg" alt="workshop-to-review-the-evaluation.jpg" />Following a directive by Executive Board in its 33rd meeting held in Nairobi Kenya, the Permanent Secretariat commenced the process of evaluating the implementation of the Strategic Plan 2007-2011 and elaboration of the successor Strategic Plan 2012-2016 of the TTCA-NC in November 2011.</p>\r\n<p>&nbsp;</p>\r\n<p>With support from UNECA- SRO Kigali, the TTCA Secretariat organized a stakeholders&rsquo; workshop to review the draft Evaluation report on the Implementation of the 2007 -2011 Strategic plan and deliberated on draft successor Strategic plan for the period 2012-2016. This comes following a three days retreat of all TTCA-NC professional Staff under Chairmanship of the Executive Secretary and UNECA team to review and own up the draft strategic plan.</p>\r\n<p>&nbsp;</p>\r\n<p>At the retreat the team re-defined the structure of the strategic plan 2012-2016, Mission and Vision, developed five Strategic Objectives and their underlying program objectives, Outputs and Key Performance Indicators. At the retreat the team also revised the log frame and implementation framework before bringing it to the stakeholders for input.</p>\r\n<p>&nbsp;</p>\r\n<p>The workshop which was attended by delegates from NC Member States (Burundi, DR Congo, Kenya, Rwanda, Uganda) and South Sudan mainly from fields of Transport policy, Infrastructure, Customs &amp; Trade facilitation as well as the Private Sector. They adopted with amendments the Report on the evaluation of the Strategic Plan 2007-2011 and the Draft Successor Strategic Plan 2012-2016. The latter will be presented to the Executive Board for approval before its signing by the TTCA-NC Council of Ministers.</p>', '', '2012-05-14 00:00:00', 2),
(136660985417196005, 'The TTCA Northern Corridor Secretariat pays a working visit to a New Member State of South Sudan', 'TTCA-NC', 'The Executive Secretary of the TTCA-NC paid a working visit to the Republic of South Sudan in January 2013. The visit was geared towards expediting the formalization of the membership of the Republic of South Sudan to the TTCA-NC.', '<p><img style="float: left;" src="../ncttca/images/ES&amp;S_Ministers.jpg" alt="" width="250" height="150" /></p>\r\n<p>The Executive Secretary of the TTCA-NC paid a working visit to the  Republic of South Sudan in January 2013. The visit was geared towards  expediting the formalization of the membership of the Republic of South  Sudan to the TTCA-NC.</p>\r\n<p>The Republic of South Sudan joined the TTCA-NC in December 2013 and  became the sixth Member State of the TTCA-NC. The other Member States of  the TTCA-NC are Burundi, DRC, Kenya, Rwanda and Uganda.</p>\r\n<p>During the visit, the Executive Secretary and his team met the  Minister for Transport of the Republic of South Sudan Hon. Agnes Poni  Lukudu. The Executive Secretary also held meetings with the Under  Secretary and officials from the Ministry of Transport, Ministry of  Trade, Customs and Immigration.</p>\r\n<p>The issues discussed during the visit included:</p>\r\n<ul>\r\n<li>Participation of South Sudan in Northern Corridor activities</li>\r\n<li>Identification of urgent areas for an expected special program on  trade facilitation and transport policy harmonization for South Sudan</li>\r\n<li>Identification of transit routes being proposed to be part of Northern Corridor routes</li>\r\n<li>Opening up of identified&nbsp; transit routes linking Member States of Uganda, Kenya and DR Congo to South Sudan</li>\r\n<li>Sharing experiences and capacity building for a quick integration of South Sudan in regional integration agenda</li>\r\n</ul>', '', '2013-03-19 00:00:00', 2),
(137388090958892559, 'Significant Drop in Transit Time - 11th July 2013', 'TTCA-NC', 'Significant drop in Transit Time along Northern corridor for the week 3 to 9 July compared with June 2013 has been realized in. This is attributed to the various authorities to ensure seamless flow of traffic.', '<div>Significant drop in Transit Time along Northern corridor for the week 3 to 9 July compared with June 2013 has been realized in. This is attributed to the various authorities to ensure seamless flow of traffic.</div>\r\n<ol>\r\n<li>The transit time in Kenya&nbsp;             \r\n<ul>\r\n<li>Mombasa to Malaba : reduction from 8 to 3 days excluding the Dwell time at the Port .</li>\r\n<li>Mombasa to Busia: reduction from 7 to 4 days excluding the Dwell time at the Port.</li>\r\n</ul>\r\n</li>\r\n<li>Transit time for customs processing center (DPC) remains the same in terms of days. However in terms of Hours there is a slight improvement, reduction from 56.08 to 47.1 hours.</li>\r\n</ol>\r\n<p>These findings have been emerged from a recent analysis of KRA raw operations data by the Northern Corridor Transport Observatory.</p>\r\n<p><a href="../ncttca/documents/Reporting_on_the_Performance_of_the_Northern_Corridor-11072013.pdf">DOWNLOAD REPORT</a></p>\r\n<ol> </ol>', '', '2013-07-11 00:00:00', 1),
(137415636320687446, 'Weekly Corridor Report - 18th July 2013', 'TTCA-NC', 'The comparison of the week ending 9th July and that ending 18th July 2013', '<ul>\r\n<li>The comparison of the week ending 9<sup>th</sup> July and that ending 16<sup>th</sup> July indicate that : </li>\r\n</ul>\r\n<p style="padding-left: 60px;">-&nbsp;&nbsp; There is an increase in average Transit Time for Customs Clearance at the DPC by about 7 hours</p>\r\n<p style="padding-left: 60px;">-&nbsp;&nbsp; The Import Pick-Up Order Processing time has remained almost the same with a very slight drop in hours.</p>\r\n<p style="padding-left: 60px;">-&nbsp;&nbsp; Transit time from release time in Mombasa to exit at Malaba has increased by about 30 hours.</p>\r\n<p style="padding-left: 60px;">-&nbsp;&nbsp; In the case of exiting through Busia border, the transit time has equally increased by 31 hours.</p>\r\n<ul>\r\n<li> Overall, there has been a considerable increase in transit times compared to last week.</li>\r\n</ul>\r\n<p><a href="../ncttca/documents/Reporting_on_the_Performance_of_the_Northern_Corridor-18072013.pdf">DOWNLOAD REPORT</a></p>', '', '2013-07-18 00:00:00', 1),
(137542151414316230, 'Weekly Corridor Report - 26th July 2013', 'TTCA-NC', 'The comparison of the week ending 16th July and that ending 23rd July 2013.', '<p>&nbsp;</p>\r\n<div id="_mcePaste" style="position: absolute; left: -10000px; top: 0px; width: 1px; height: 1px; overflow: hidden;">The comparison of the week ending 16th July and that ending 23rd July indicate that :</div>\r\n<div id="_mcePaste" style="position: absolute; left: -10000px; top: 0px; width: 1px; height: 1px; overflow: hidden;">- There is an a slight decrease in average Transit Time for Customs Clearance at the DPC about 49 hours</div>\r\n<div id="_mcePaste" style="position: absolute; left: -10000px; top: 0px; width: 1px; height: 1px; overflow: hidden;">- The Import Pick-Up Order average Processing time has reduced significantly from 26hrs to 21 hours.</div>\r\n<div id="_mcePaste" style="position: absolute; left: -10000px; top: 0px; width: 1px; height: 1px; overflow: hidden;">- With the exception of Athi-River, both the traffic weighed and compliance levels at Mariakani and Webuye have marginally increased.</div>\r\n<div id="_mcePaste" style="position: absolute; left: -10000px; top: 0px; width: 1px; height: 1px; overflow: hidden;">- Transit time from release time in Mombasa to exit at Malaba is now 72 hours, a decrease of about 21 hour from last week.</div>\r\n<div id="_mcePaste" style="position: absolute; left: -10000px; top: 0px; width: 1px; height: 1px; overflow: hidden;">- Likewise, the transit time through Busia has drastically reduced from 132 hours the previous week to about an average of about 72 hours.</div>\r\n<p>The comparison of the week ending 16th July and that ending 23rd July indicate that :</p>\r\n<ul>\r\n<li>There is an a slight decrease in average Transit Time for Customs Clearance at the DPC about 49 hours</li>\r\n<li>The Import Pick-Up Order average Processing time has reduced significantly from 26hrs to 21 hours.</li>\r\n<li>With the exception of Athi-River, both the traffic weighed and compliance levels at Mariakani and Webuye have marginally increased.</li>\r\n<li>Transit time from release time in Mombasa to exit at Malaba is now 72 hours, a decrease of about 21 hour from last week.</li>\r\n<li>Likewise, the transit time through Busia has drastically reduced from 132 hours the previous week to about an average of about 72 hours.</li>\r\n</ul>\r\n<p><a style="color: #cc6600; text-decoration: none; font-family: tahoma, Titillium, arial, tahoma, Helvetica, sans-serif; font-size: 12.222222328186035px;" href="../ncttca/documents/Reporting_on_the_Performance_of_the_Northern_Corridor-23072013.pdf">DOWNLOAD REPORT</a></p>\r\n<p>&nbsp;</p>', '', '2013-07-23 00:00:00', 1),
(137542214707138433, 'Weekly Corridor Report - 1st August 2013', 'TTCA-NC', 'The comparison of the week ending 23rd July and that ending 1st August 2013.', '<p><span style="font-family: tahoma, Titillium, arial, tahoma, Helvetica, sans-serif; font-size: 12.222222328186035px;">The comparison of the week ending <span style="font-family: tahoma, Titillium, arial, tahoma, Helvetica, sans-serif; font-size: 12.222222328186035px;">23rd July</span>&nbsp;and that ending 31st July indicate that :</span></p>\r\n<ul>\r\n<li>Average Processing Time for Customs Clearance at the Document Processing Centre to 45.83hrs down from 48.9 hours the previous week.</li>\r\n<li>Average Transit Time to Malaba has significantly increased to an average of 91.84 hours up from 72 hours the previous week.</li>\r\n<li>Compliance levels at Mariakani has drastically reduced to about 63% in the past week.</li>\r\n<li>The Average Daily Traffic at Mariakani in the past week dropped by about 200 trucks.</li>\r\n</ul>\r\n<p><a style="color: #cc6600; text-decoration: none; font-family: tahoma, Titillium, arial, tahoma, Helvetica, sans-serif; font-size: 12.222222328186035px;" href="../ncttca/documents/Reporting_on_the_Performance_of_the_Northern_Corridor-01082013.pdf">DOWNLOAD REPORT</a></p>\r\n<p>&nbsp;</p>', '', '2013-08-01 00:00:00', 1),
(137655119633681255, 'Weekly Corridor Report - 8th August 2013', 'TTCA-NC', 'The comparison of the week ending 31st July and that ending 8th August 2013.', '<p><span style="font-family: tahoma, Titillium, arial, tahoma, Helvetica, sans-serif; font-size: 12.222222328186035px;">The comparison of the week ending 31st July and that ending 8th August&nbsp;indicate that :</span><span style="font-family: tahoma, Titillium, arial, tahoma, Helvetica, sans-serif; font-size: 12.222222328186035px;">&nbsp;</span></p>\r\n<div id="_mcePaste" style="position: absolute; left: -10000px; top: 0px; width: 1px; height: 1px; overflow: hidden;">Average Transit Time for Customs Clearance at the Document Processing Centre has significantly increased to about 55.5 hours up from 45.8 hours recorded last week.</div>\r\n<div id="_mcePaste" style="position: absolute; left: -10000px; top: 0px; width: 1px; height: 1px; overflow: hidden;">Compliance levels at Mariakani weighbridge has slipped further to about 61.2 %.</div>\r\n<div id="_mcePaste" style="position: absolute; left: -10000px; top: 0px; width: 1px; height: 1px; overflow: hidden;">Average transit time to Malaba has reduced to an average of 60.6 hrs.-This is the best result since the beginning of the weekly monitoring</div>\r\n<div id="_mcePaste" style="position: absolute; left: -10000px; top: 0px; width: 1px; height: 1px; overflow: hidden;">Average transit time to Busia is about 108 hrs-This is projected to reduce when the ongoing road construction at the border is complete.</div>\r\n<div id="_mcePaste" style="position: absolute; left: -10000px; top: 0px; width: 1px; height: 1px; overflow: hidden;">From the survey made by the TTCA-NC team headed by the Executive Secretary between 2 and 5th August 2013, there were no Mobile weighbridges along the northern corridor from Mombasa to Malaba.</div>\r\n<ul>\r\n<li>Average Transit Time for Customs Clearance at the Document Processing Centre has significantly increased to about 55.5 hours up from 45.8 hours recorded last week.</li>\r\n<li>Compliance levels at Mariakani weighbridge has slipped further to about 61.2 %.</li>\r\n<li>Average transit time to Malaba has reduced to an average of 60.6 hrs.-This is the best result since the beginning of the weekly monitoring</li>\r\n<li>Average transit time to Busia is about 108 hrs-This is projected to reduce when the ongoing road construction at the border is complete.</li>\r\n<li>From the survey made by the TTCA-NC team headed by the Executive Secretary between 2 and 5th August 2013, there were no Mobile weighbridges along the northern corridor from Mombasa to Malaba.</li>\r\n</ul>\r\n<p><a style="color: #cc6600; text-decoration: none; font-family: tahoma, Titillium, arial, tahoma, Helvetica, sans-serif; font-size: 12.222222328186035px;" href="../ncttca/documents/Reporting_on_the_Performance_of_the_Northern_Corridor-080820133.pdf">DOWNLOAD REPORT</a></p>', '', '2013-08-08 00:00:00', 1),
(137655167069366846, 'Weekly Corridor Report - 15th August 2013', 'TTCA-NC', 'The comparison of the week ending 8th August and that ending 15th August 2013.', '<p>&nbsp;</p>\r\n<div id="_mcePaste" style="position: absolute; left: -10000px; top: 0px; width: 1px; height: 1px; overflow: hidden;">Average Transit Time for Customs Clearance at the Document Processing Centre has slightly decreased to about 54.58 down from 55.8 hours recorded previous week.</div>\r\n<div id="_mcePaste" style="position: absolute; left: -10000px; top: 0px; width: 1px; height: 1px; overflow: hidden;">Compliance at Mariakani weighbridge was at about 64.7 % while Gilgil recorded 88.1% compliance level.</div>\r\n<div id="_mcePaste" style="position: absolute; left: -10000px; top: 0px; width: 1px; height: 1px; overflow: hidden;">Average transit time to both Malaba and Busia has increased to 70.6 hours from 60.59 last week and to 137.9 hours from 108 hours last week respectively.</div>\r\n<p>The comparison of the week ending 8th August and that ending 13th August indicate that :</p>\r\n<ul>\r\n<li>Average Transit Time for Customs Clearance at the Document Processing Centre has slightly decreased to about 54.58 down from 55.8 hours recorded previous week.</li>\r\n<li>Compliance at Mariakani weighbridge was at about 64.7 % while Gilgil recorded 88.1% compliance level.</li>\r\n<li>Average transit time to both Malaba and Busia has increased to 70.6 hours from 60.59 last week and to 137.9 hours from 108 hours last week respectively.</li>\r\n</ul>\r\n<p>&nbsp;</p>\r\n<p><a style="color: #cc6600; text-decoration: none; font-family: tahoma, Titillium, arial, tahoma, Helvetica, sans-serif; font-size: 12.222222328186035px;" href="../ncttca/documents/Reporting_on_the_Performance_of_the_Northern_Corridor-15082013.pdf">DOWNLOAD REPORT</a></p>', '', '2013-08-15 00:00:00', 1),
(137655168725428479, 'Weekly Corridor Report - 29th August 2013', 'TTCA-NC', 'The comparison of the week ending 22nd August and that ending 29th August 2013.', '<p>The comparison of the week ending 22nd August and that ending 28th August&nbsp;indicate that :</p>\r\n<ul>\r\n<li>Average Customs Clearance time at the Document Processing Centre hasdecreased from 60.12hrs to 38.63hrs.</li>\r\n<li>Compliance at Mariakani and Gilgil weighbridgeshas slightly increased from 57.75% and 83.4% to 59.6% and 84.2% respectively.</li>\r\n<li>Average Transit time to Malaba increased from 59.92 hrs. to 89.92 hrs. Similarly Average transit time to Busia has increased to 113 hrs from 77 hrs registered previous week.</li>\r\n</ul>\r\n<p><a style="color: #cc6600; text-decoration: none; font-family: tahoma, Titillium, arial, tahoma, Helvetica, sans-serif; font-size: 12.222222328186035px;" href="../ncttca/documents/Reporting_on_the_Performance_of_the_Northern_Corridor-29082013.pdf">DOWNLOAD REPORT</a></p>', '', '2013-08-29 00:00:00', 1),
(137717895941494723, 'Weekly Corridor Report - 22nd  August 2013', 'TTCA-NC', 'The comparison of the week ending 13th August and that ending 21st August 2013.', '<p>The comparison of the week ending 13<sup>th</sup> August and that ending 21<sup>st</sup> August indicate that:</p>\r\n<ul>\r\n<li>Average Customs Clearance time at the Document Processing Centre has slightly increased from 54.58 hours to about 60.12 hours.</li>\r\n<li>Compliance at Mariakani and Gilgil weighbridges has decreased from 64.7% and 88.1% to 57.75% and 83.4% respectively.</li>\r\n<li>Transit time to Malaba is about 60 hours down from 70.6 hours the previous week.</li>\r\n<li>Average transit time to Busia has reduced by about 44% to 77 hours from 137.86 hrs recorded last week</li>\r\n</ul>\r\n<p>&nbsp;</p>\r\n<p><a style="color: #cc6600; text-decoration: none; font-family: tahoma, Titillium, arial, tahoma, Helvetica, sans-serif; font-size: 12.222222328186035px;" href="../ncttca/documents/Reporting_on_the_Performance_of_the_Northern_Corridor-22082013.pdf">DOWNLOAD REPORT</a></p>\r\n<ul>\r\n</ul>', '', '2013-08-22 00:00:00', 1),
(137898767757196980, 'Weekly Corridor Report - 5th September 2013', 'TTCA-NC', 'The comparison of the week ending 13th August and that ending 5th September 2013.', '<p><span style="font-family: tahoma, Titillium, arial, tahoma, Helvetica, sans-serif; font-size: 12px;">The comparison of the week ending 29</span><sup style="font-family: tahoma, Titillium, arial, tahoma, Helvetica, sans-serif;">th</sup><span style="font-family: tahoma, Titillium, arial, tahoma, Helvetica, sans-serif; font-size: 12px;">&nbsp;August and that ending&nbsp;</span><span style="font-family: tahoma, Titillium, arial, tahoma, Helvetica, sans-serif;"><span style="font-size: 12px;">5th September&nbsp;indicate that:</span></span></p>\r\n<div id="_mcePaste" style="position: absolute; left: -10000px; top: 0px; width: 1px; height: 1px; overflow: hidden;">\r\n<div id="_mcePaste" style="position: absolute; left: -10000px; top: 0px; width: 1px; height: 1px; overflow: hidden;">hhhThere is notable improvement in the past week on compliance levels for both prior and after redistribution of weight in Mariakani, Gilgil and Webuye weighbridges. Mariakani and Gilgil have had improved compliance levels after redistribution in the past two weeks. Last Friday KeNHA commissioned a new Weigh in Motion facility at Mariakani to improve the efficiency of services provided.</div>\r\n<div id="_mcePaste" style="position: absolute; left: -10000px; top: 0px; width: 1px; height: 1px; overflow: hidden;">Time for Customs Clearance at the Document Processing Center DPC increased by 5hrs.</div>\r\n<div id="_mcePaste" style="position: absolute; left: -10000px; top: 0px; width: 1px; height: 1px; overflow: hidden;">During the past week there was a drop in the Pick-Up Order Processing time from 36.38 to 28hrs.</div>\r\n<div id="_mcePaste" style="position: absolute; left: -10000px; top: 0px; width: 1px; height: 1px; overflow: hidden;">Transit time to Malaba also dropped by about 5hrs form 89.92hrs to 84.03hrs.</div>\r\n<div id="_mcePaste" style="position: absolute; left: -10000px; top: 0px; width: 1px; height: 1px; overflow: hidden;">Road construction works are ongoing on the Kisumu &ndash; Busia Road hence very minimal traffic is passing through that route. This is also reflected in the data gaps as reported above.There is notable improvement in the past week on compliance levels for both prior and after redistribution of weight in Mariakani, Gilgil and Webuye weighbridges. Mariakani and GiThere is notable improvement in the past week on compliance levels for both prior and after redistribution of weight in Mariakani, Gilgil and Webuye weighbridges. Mariakani and Gilgil have had improved compliance levels after redistribution in the past two weeks. Last Friday KeNHA commissioned a new Weigh in Motion facility at Mariakani to improve the efficiency of services provided.</div>\r\n<div id="_mcePaste" style="position: absolute; left: -10000px; top: 0px; width: 1px; height: 1px; overflow: hidden;">Time for Customs Clearance at the Document Processing Center DPC increased by 5hrs.</div>\r\n<div id="_mcePaste" style="position: absolute; left: -10000px; top: 0px; width: 1px; height: 1px; overflow: hidden;">During the past week there was a drop in the Pick-Up Order Processing time from 36.38 to 28hrs.</div>\r\n<div id="_mcePaste" style="position: absolute; left: -10000px; top: 0px; width: 1px; height: 1px; overflow: hidden;">Transit time to Malaba also dropped by about 5hrs form 89.92hrs to 84.03hrs.</div>\r\n<div id="_mcePaste" style="position: absolute; left: -10000px; top: 0px; width: 1px; height: 1px; overflow: hidden;">Road construction works are ongoing on the Kisumu &ndash; Busia Road hence very minimal traffic is passing through that route. This is also reflected in the data gaps as reported above.lgil have had improved compliance levels after redistribution in the past two weeks. Last Friday KeNHA commissioned a new Weigh in Motion facility at Mariakani to improve the efficiency of services provided.</div>\r\n<div id="_mcePaste" style="position: absolute; left: -10000px; top: 0px; width: 1px; height: 1px; overflow: hidden;">Time for Customs Clearance at the Document Processing Center DPC increased by 5hrs.</div>\r\n<div id="_mcePaste" style="position: absolute; left: -10000px; top: 0px; width: 1px; height: 1px; overflow: hidden;">During the past week there was a drop in the Pick-Up Order Processing time from 36.38 to 28hrs.</div>\r\n<div id="_mcePaste" style="position: absolute; left: -10000px; top: 0px; width: 1px; height: 1px; overflow: hidden;">Transit time to Malaba also dropped by about 5hrs form 89.92hrs to 84.03hrs.</div>\r\n<div id="_mcePaste" style="position: absolute; left: -10000px; top: 0px; width: 1px; height: 1px; overflow: hidden;">Road construction works are ongoing on the Kisumu &ndash; Busia Road hence very minimal traffic is passing through that route. This is also reflected in the data gaps as reported above.There is notable improvement in the past week on compliance levels for both prior and after redistribution of weight in Mariakani, Gilgil and Webuye weighbridges. Mariakani and Gilgil have had improved compliance levels after redistribution in the past two weeks. Last Friday KeNHA commissioned a new Weigh in Motion facility at Mariakani to improve the efficiency of services provided.</div>\r\n<div id="_mcePaste" style="position: absolute; left: -10000px; top: 0px; width: 1px; height: 1px; overflow: hidden;">Time for Customs Clearance at the Document Processing Center DPC increased by 5hrs.</div>\r\n<div id="_mcePaste" style="position: absolute; left: -10000px; top: 0px; width: 1px; height: 1px; overflow: hidden;">During the past week there was a drop in the Pick-Up Order Processing time from 36.38 to 28hrs.</div>\r\n<div id="_mcePaste" style="position: absolute; left: -10000px; top: 0px; width: 1px; height: 1px; overflow: hidden;">Transit time to Malaba also dropped by about 5hrs form 89.92hrs to 84.03hrs.</div>\r\n<div id="_mcePaste" style="position: absolute; left: -10000px; top: 0px; width: 1px; height: 1px; overflow: hidden;">Road construction works are ongoing on the Kisumu &ndash; Busia Road hence very minimal traffic is passing through that route. This is also reflected in the data gaps as reported above.</div>\r\n</div>\r\n<ul>\r\n<li>There is notable improvement in the past week on compliance levels for both prior and after redistribution of weight in Mariakani, Gilgil and Webuye weighbridges. Mariakani and Gilgil have had improved compliance levels after redistribution in the past two weeks. Last Friday KeNHA commissioned a new Weigh in Motion facility at Mariakani to improve the efficiency of services provided.</li>\r\n<li>Time for Customs Clearance at the Document Processing Center DPC increased by 5hrs.</li>\r\n<li>During the past week there was a drop in the Pick-Up Order Processing time from 36.38 to 28hrs.</li>\r\n<li>Transit time to Malaba also dropped by about 5hrs form 89.92hrs to 84.03hrs.</li>\r\n<li>Road construction works are ongoing on the Kisumu &ndash; Busia Road hence very minimal traffic is passing through that route. This is also reflected in the data gaps as reported above.</li>\r\n</ul>\r\n<p><a style="color: #cc6600; text-decoration: none; font-family: tahoma, Titillium, arial, tahoma, Helvetica, sans-serif; font-size: 12.222222328186035px;" href="../ncttca/documents/Reporting_on_the_Performance_of_the_Northern_Corridor-04092013.pdf">DOWNLOAD REPORT</a></p>', '', '2013-09-05 00:00:00', 1),
(137899373715216020, 'Weekly Corridor Report - 12th September 2013', 'TTCA-NC', 'The comparison of the week ending 5th September and that ending 12th September 2013.', '<p>The comparison of the week ending 5th September and that ending 12th September 2013 indicate that :</p>\r\n<div id="_mcePaste" style="position: absolute; left: -10000px; top: 0px; width: 1px; height: 1px; overflow: hidden;">Average Transit Time for Customs Clearance at the Document Processing increased slightly to 46 hours from 43.06 hours recorded during the previous week.</div>\r\n<div id="_mcePaste" style="position: absolute; left: -10000px; top: 0px; width: 1px; height: 1px; overflow: hidden;">Average Import pick up order processing time reduced by 6.5 hours to 22.5 hrs.</div>\r\n<div id="_mcePaste" style="position: absolute; left: -10000px; top: 0px; width: 1px; height: 1px; overflow: hidden;">Traffic increased at all the reported Weighbridges. Compliance levels at Mariakani increased from 62.5% to 67.1 % while Gilgil remained fairly constant 87.6%.</div>\r\n<div id="_mcePaste" style="position: absolute; left: -10000px; top: 0px; width: 1px; height: 1px; overflow: hidden;">Average transit time toMalaba reduced by about 11 hours to 73.4 hours.</div>\r\n<ul>\r\n<li>Average Transit Time for Customs Clearance at the Document Processing increased slightly to 46 hours from 43.06 hours recorded during the previous week.</li>\r\n<li>Average Import pick up order processing time reduced by 6.5 hours to 22.5 hrs.</li>\r\n<li>Traffic increased at all the reported Weighbridges. Compliance levels at Mariakani increased from 62.5% to 67.1 % while Gilgil remained fairly constant 87.6%.</li>\r\n<li>Average transit time to Malaba reduced by about 11 hours to 73.4 hours.</li>\r\n</ul>\r\n<p><a style="color: #cc6600; text-decoration: none; font-family: tahoma, Titillium, arial, tahoma, Helvetica, sans-serif; font-size: 12.222222328186035px;" href="../ncttca/documents/Reporting_on_the_Performance_of_the_Northern_Corridor-12092013.pdf">DOWNLOAD REPORT</a></p>\r\n<p>&nbsp;</p>', '', '2013-09-12 00:00:00', 1),
(137960139498797863, 'Weekly Corridor Report - 19th September 2013', 'TTCA-NC', 'The comparison of the week ending 10th September and that ending 19th September 2013.', '<p><span style="font-family: tahoma, Titillium, arial, tahoma, Helvetica, sans-serif; font-size: 12px;">The comparison of the week ending 10th September and that ending 17th September 2013 indicate that :</span></p>\r\n<div id="_mcePaste" style="position: absolute; left: -10000px; top: 0px; width: 1px; height: 1px; overflow: hidden;">ï‚§ The previous indicator on DPC was revised with Time for Customs Clearance at One Stop Center included as an addition. The previous Import PickUp Order (IPUO) Time was renamed to Time taken after Customs Release to Removal.</div>\r\n<div id="_mcePaste" style="position: absolute; left: -10000px; top: 0px; width: 1px; height: 1px; overflow: hidden;">ï‚§ There a significant increase in for traffic exiting though Malaba by about 20hrs.</div>\r\n<div id="_mcePaste" style="position: absolute; left: -10000px; top: 0px; width: 1px; height: 1px; overflow: hidden;">ï‚§ Notable compliance levels by after re-distribution were recorded in Athiriver, Gilgil and Busia. Gilgil has recorded a consistent improvement in the&nbsp;</div>\r\n<div id="_mcePaste" style="position: absolute; left: -10000px; top: 0px; width: 1px; height: 1px; overflow: hidden;">compliance levels in the past four weeks.</div>\r\n<div id="_mcePaste" style="position: absolute; left: -10000px; top: 0px; width: 1px; height: 1px; overflow: hidden;">ï‚§ Also, there is a significant increase in Time taken after Customs Release to Removal of cargo at the port.</div>\r\n<ul>\r\n<li>There a significant increase in for traffic exiting though Malaba by about 20hrs.</li>\r\n<li>Notable compliance levels by after re-distribution were recorded in Athiriver, Gilgil and Busia. Gilgil has recorded a consistent improvement in the&nbsp;</li>\r\n<li>compliance levels in the past four weeks.</li>\r\n<li>Also, there is a significant increase in Time taken after Customs Release to Removal of cargo at the port.</li>\r\n</ul>\r\n<p>The previous indicator on DPC was revised with Time for Customs Clearance at One Stop Center included as an addition. The previous Import PickUp Order (IPUO) Time was renamed to Time taken after Customs Release to Removal.</p>\r\n<p><a style="color: #cc6600; text-decoration: none; font-family: tahoma, Titillium, arial, tahoma, Helvetica, sans-serif; font-size: 12.222222328186035px;" href="../ncttca/documents/Reporting_on_the_Performance_of_the_Northern_Corridor-19092013.pdf">DOWNLOAD REPORT</a></p>', '', '2013-09-19 00:00:00', 1),
(137960139498797864, 'Weekly Corridor Report - 26th September 2013', 'TTCA-NC', 'The comparison of the week ending 19th September and that ending 26th September 2013.', '<p>The comparison of the week ending 19th September and that ending 26th September 2013 indicate that :</p>\r\n<div id="_mcePaste" style="position: absolute; left: -10000px; top: 0px; width: 1px; height: 1px; overflow: hidden;">Both the average time for Customs Clearance at One Stop Centre and average time for Customs Clearance at the Document Processing Centre has increased twofold to about 71.42 hrs and 3.16 hrs respectively compared to the previous week.</div>\r\n<div id="_mcePaste" style="position: absolute; left: -10000px; top: 0px; width: 1px; height: 1px; overflow: hidden;">Average Time taken after Customs Release to Removal from the port has tremendously reduced by more than half to about 21.27 hours.</div>\r\n<div id="_mcePaste" style="position: absolute; left: -10000px; top: 0px; width: 1px; height: 1px; overflow: hidden;">There is a significant reduction in transit time to Malaba from 93.34 hrs to 48. 75 hours.</div>\r\n<div id="_mcePaste" style="position: absolute; left: -10000px; top: 0px; width: 1px; height: 1px; overflow: hidden;">No significant difference in compliance levels compared to last week with Athiriver and Webuye registering 95.6% and 83% respectively.</div>\r\n<ul>\r\n<li>Both the average time for Customs Clearance at One Stop Centre and average time for Customs Clearance at the Document Processing Centre has increased twofold to about 71.42 hrs and 3.16 hrs respectively compared to the previous week.</li>\r\n<li>Average Time taken after Customs Release to Removal from the port has tremendously reduced by more than half to about 21.27 hours.</li>\r\n<li>There is a significant reduction in transit time to Malaba from 93.34 hrs to 48. 75 hours.</li>\r\n<li>No significant difference in compliance levels compared to last week with Athiriver and Webuye registering 95.6% and 83% respectively.</li>\r\n</ul>\r\n<p><a style="color: #cc6600; text-decoration: none; font-family: tahoma, Titillium, arial, tahoma, Helvetica, sans-serif; font-size: 12.222222328186035px;" href="../ncttca/documents/Reporting_on_the_Performance_of_the_Northern_Corridor-26092013.pdf">DOWNLOAD REPORT</a></p>\r\n<p>&nbsp;</p>', '', '2013-09-26 00:00:00', 1),
(137960139498797865, 'Weekly Corridor Report - 3rd October 2013', 'TTCA-NC', 'The comparison of the week ending 26th September and that ending 3rd October 2013.', '<p>The comparison of the week ending 26th September and that ending 3rd October 2013 indicate that :</p>\r\n<div id="_mcePaste" style="position: absolute; left: -10000px; top: 0px; width: 1px; height: 1px; overflow: hidden;">There is no weekly data at Webuye Weighbridge due to the ongoing construction</div>\r\n<div id="_mcePaste" style="position: absolute; left: -10000px; top: 0px; width: 1px; height: 1px; overflow: hidden;">Average time for Customs Clearanceat One Stop Centre and the Document Processing Centre reduced to 55.83 hrs and 2.37 hours respectively.</div>\r\n<div id="_mcePaste" style="position: absolute; left: -10000px; top: 0px; width: 1px; height: 1px; overflow: hidden;">Transit time to Busia reduced from an average of 116.14 hrs to 73.7 hours while Malaba increased significantly to 85 hours from 48.75 hours.</div>\r\n<div id="_mcePaste" style="position: absolute; left: -10000px; top: 0px; width: 1px; height: 1px; overflow: hidden;">Slight reduction in compliance level at Athiriver from 95.6 % to 93.5% compared to last week.</div>\r\n<ul>\r\n<li>There is no weekly data at Webuye Weighbridge due to the ongoing construction</li>\r\n<li>Average time for Customs Clearanceat One Stop Centre and the Document Processing Centre reduced to 55.83 hrs and 2.37 hours respectively.</li>\r\n<li>Transit time to Busia reduced from an average of 116.14 hrs to 73.7 hours while Malaba increased significantly to 85 hours from 48.75 hours.</li>\r\n<li>Slight reduction in compliance level at Athiriver from 95.6 % to 93.5% compared to last week.</li>\r\n</ul>\r\n<p><a style="color: #cc6600; text-decoration: none; font-family: tahoma, Titillium, arial, tahoma, Helvetica, sans-serif; font-size: 12.222222328186035px;" href="../ncttca/documents/Reporting_on_the_Performance_of_the_Northern_Corridor-03102013.pdf">DOWNLOAD REPORT</a></p>\r\n<p>&nbsp;</p>', '', '2013-10-03 00:00:00', 1),
(137960139498797866, 'Weekly Corridor Report - 10th October 2013', 'TTCA-NC', 'The comparison of the week ending 1st October and that ending 10th October 2013.', '<p>The comparison of the week ending 1st October and that ending 8th October 2013 indicate that :</p>\r\n<div id="_mcePaste" style="position: absolute; left: -10000px; top: 0px; width: 1px; height: 1px; overflow: hidden;">ï‚§ There was a drop in the average time taken at DPC by about 0.89 hrs (1.48 from 2.37 hours).</div>\r\n<div id="_mcePaste" style="position: absolute; left: -10000px; top: 0px; width: 1px; height: 1px; overflow: hidden;">ï‚§ The average time taken at one stop centre increased by 13.11 hrs (from 55.83 to 68.94 hours).</div>\r\n<div id="_mcePaste" style="position: absolute; left: -10000px; top: 0px; width: 1px; height: 1px; overflow: hidden;">ï‚§ Average Daily Weighed Traffic at Mariakani increased by 158 trucks.</div>\r\n<div id="_mcePaste" style="position: absolute; left: -10000px; top: 0px; width: 1px; height: 1px; overflow: hidden;">ï‚§ The impact of the increased traffic at Mariakani is noted in the drop of compliance levels at the weighbridge.</div>\r\n<div id="_mcePaste" style="position: absolute; left: -10000px; top: 0px; width: 1px; height: 1px; overflow: hidden;">ï‚§ In the last week, there was a significant drop of transit time in Kenya for trucks exiting through both Malaba (57.41 hrs from 85 hrs) and Busia</div>\r\n<div id="_mcePaste" style="position: absolute; left: -10000px; top: 0px; width: 1px; height: 1px; overflow: hidden;">(60.27 hours from 73.7 hours).</div>\r\n<ul>\r\n<li>There was a drop in the average time taken at DPC by about 0.89 hrs (1.48 from 2.37 hours).</li>\r\n<li>The average time taken at one stop centre increased by 13.11 hrs (from 55.83 to 68.94 hours).</li>\r\n<li>Average Daily Weighed Traffic at Mariakani increased by 158 trucks.</li>\r\n<li>The impact of the increased traffic at Mariakani is noted in the drop of compliance levels at the weighbridge.</li>\r\n<li>In the last week, there was a significant drop of transit time in Kenya for trucks exiting through both Malaba (57.41 hrs from 85 hrs) and Busia (60.27 hours from 73.7 hours).</li>\r\n</ul>\r\n<p>&nbsp;</p>\r\n<p><a style="color: #cc6600; text-decoration: none; font-family: tahoma, Titillium, arial, tahoma, Helvetica, sans-serif; font-size: 12.222222328186035px;" href="../ncttca/documents/Reporting_on_the_Performance_of_the_Northern_Corridor-10102013.pdf">DOWNLOAD REPORT</a></p>', '', '2013-10-10 00:00:00', 1),
(138259321209993144, 'Weekly Corridor Report - 17th October 2013', 'TTCA-NC', 'The comparison of the week ending 10th October and that ending 17th October 2013.', '<p>The comparison of the week ending 10th October and that ending 17th October indicate that :</p>\r\n<ul>\r\n<li>The average time taken at DPC has been below 2 hours for the two weeks with the current week registering 1.85 hours.</li>\r\n<li>The average time taken at the One Stop Centre reduced to 42.74 hours. This is the lowest in the last 4 weeks.</li>\r\n<li>Average Daily Weighed Traffic at Mariakani increased slightly to 1726 from 1650. Similarly compliance level at Mariakani increased from 65.28% to about 69.34%.</li>\r\n<li>Compared to the previous week, there was a significant increase in transit time by more than 24 hours for trucks exiting through both Malaba and Busia.</li>\r\n</ul>\r\n<p><a style="color: #cc6600; text-decoration: none; font-family: tahoma, Titillium, arial, tahoma, Helvetica, sans-serif; font-size: 12.222222328186035px;" href="../ncttca/documents/Reporting_on_the_Performance_of_the_Northern_Corridor-17102013.pdf">DOWNLOAD REPORT</a></p>', '', '2013-10-17 00:00:00', 1);

-- 
-- Dumping data for table node
--
INSERT INTO node VALUES
(2001, 'Port of Mombasa', 2012031611120179276, 'KE', 6001),
(2012031611163396191, 'Malaba Border Post - KE', 2012031611135739485, 'KE', 6007),
(2012031912484437034, 'Malaba Border Post - UG', 2012031611135739485, 'UG', 6007),
(2012031912501199464, 'Busia Border Post - KE', 2012031611135739485, 'KE', 6008),
(2012031913521335754, 'Busia Border Post - UG', 2012031611135739485, 'UG', 6008),
(2012031913535818697, 'Katuna Border Post - UG', 2012031611135739485, 'UG', 6019),
(2012032011254497557, 'Gatuna Border Post - RW', 2012031611135739485, 'RW', 6019),
(2012051013135439162, 'Magasins Generaux du Rwanda - (MAGERWA)', 2012031611125653150, 'RW', 6018),
(2012051013172113335, 'Port of Bujumbura', 2012031611120179276, 'BI', 6022),
(2012051013180986021, 'Athi River Weighbridge', 2012031611122817035, 'KE', 6002),
(2012051013190132540, 'Gilgil Weighbridge', 2012031611122817035, 'KE', 6002),
(2012051013194260683, 'Webuye Weighbridge', 2012031611122817035, 'KE', 6002),
(2012051013201576698, 'Maai Mahiu Weighbridge', 2012031611122817035, 'KE', 6034),
(2012051013204730605, 'Eldoret Weighbridge', 2012031611122817035, 'KE', 6002),
(2012051013210999110, 'Kisumu Weighbridge', 2012031611122817035, 'KE', 6035),
(2012051013235461841, 'Embakasi ICD', 2012031611125653150, 'KE', 6002),
(2012051013245167081, 'Kisumu ICD', 2012031611125653150, 'KE', 6035),
(2012051014283014726, 'Akanyaru Border Post - RW', 2012031611135739485, 'RW', 6015),
(2012051014354750412, 'Akanyaru Border Post - BI', 2012031611135739485, 'BI', 6022),
(2012051014454928869, 'Mpondwe Border Post - UG', 2012031611135739485, 'UG', 6005);

-- 
-- Dumping data for table nodecharge
--

-- Table ncttca2.nodecharge does not contain any data (it is empty)

-- 
-- Dumping data for table nodecharges
--

-- Table ncttca2.nodecharges does not contain any data (it is empty)

-- 
-- Dumping data for table nodetype
--
INSERT INTO nodetype VALUES
(2012031611120123217, 'Container Freight Station(CFS)'),
(2012031611120179276, 'Port'),
(2012031611122817035, 'Weigh Bridge'),
(2012031611125653150, 'Inland Container Deport (ICD)'),
(2012031611134252082, 'Police Check Point'),
(2012031611135739485, 'Border Post');

-- 
-- Dumping data for table orgcountry
--

-- Table ncttca2.orgcountry does not contain any data (it is empty)

-- 
-- Dumping data for table page
--
INSERT INTO page VALUES
(0, 'Root', NULL, 0, NULL, NULL, 0, 0, 1, NULL, 1),
(1, 'Home', NULL, 0, NULL, 'index.php', 1, 1, 1, '', 1),
(2, 'About Us', 'about-top-header.jpg', 0, '<p align="JUSTIFY">The Northern corridor is the transport corridor linking the land locked countries of Uganda, Rwanda and Burundi with Kenya&rsquo;s maritime port of Mombasa. Similarly, the Northern Corridor serves Eastern part of the Democratic Republic of Congo, Southern Sudan and Northern Tanzania. Thus, Northern Corridor infrastructure connects all the five countries of the East African Community and beyond. Figure 1 below shows the location map of the Northern Corridor.</p>\r\n<p align="JUSTIFY"><img style="vertical-align: middle; margin: 10px; border: 0px;" title="Northern Corridor Map" src="../images/map.jpg" alt="Northern Corridor Map" width="635" height="465" /></p>\r\n<p align="JUSTIFY">Because of their heavy reliance of the Northern Corridor for their overseas trade, as well as the trade among themselves, Burundi, Democratic Republic of Congo, Kenya, Rwanda and Uganda are contracting parties to the Northern Corridor Agreement. The Agreement provides the legal framework for collaboration among these countries on matters to do with transit transport; customs control; documentation and procedures; as well as the development of infrastructure and facilities relating to sea ports, inland ports and waterways, roads, railways, pipelines and border posts.</p>\r\n<p align="JUSTIFY">&nbsp;</p>\r\n<p align="JUSTIFY">The Northern Corridor is a multi-modal corridor, encompassing road, rail, pipeline and inland waterways transport. The main road network runs from Mombasa Sea Port through Kenya and Uganda to Kigali in Rwanda, Bujumbura in Burundi and to Kisangani in the Democratic Republic of Congo. The road network also links Kenya and Uganda to Juba in South Sudan. The rail network runs from Mombasa Sea Port through Nairobi, Malaba, and Kampala to Kasese in Western Uganda, close to the border with the Democratic Republic of Congo. A branch line radiates from Nakuru to Kisumu on Lake Victoria, from where rail wagon ferries link the system to Port Bell in Kampala. Another rail branch line runs from Tororo in eastern Uganda to Pakwach in Northern, from where river steamers used to provide links with Nimule in South Sudan. The oil pipeline runs from Mombasa through Nairobi and Nakuru to Kisumu and Eldoret in western Kenya, from where the land locked countries access their fuel imports.&nbsp;</p>', '', 2, 1, 1, '', 1),
(3, 'Catalogue', 'about-top-header.jpg', 0, '', '', 3, 1, 1, '', 2),
(4, 'Northern Corridor Indicators', 'indicators-top.jpg', 0, '', 'indicators.php', 4, 1, 1, '', 1),
(8, 'Document Center', 'downloads-top-header.jpg', 0, '', 'downloads.php', 6, 1, 1, '', 1),
(9, 'FAQs', 'faq-top-header.jpg', 0, '', 'faqs.php', 7, 1, 1, '', 1),
(10, 'Contact Us', 'about-top-header.jpg', 0, '<table style="width: 100%;" border="0" cellspacing="0" cellpadding="5">\r\n<tbody>\r\n<tr>\r\n<td>&nbsp;</td>\r\n<td>\r\n<p><strong>For further information, kindly get in touch with us at:</strong></p>\r\n</td>\r\n</tr>\r\n<tr>\r\n<td>&nbsp;</td>\r\n<td>\r\n<p>The Permanent Secretariat of the Transit Transport Co-ordination Authority of the Northern Corridor<br /> House 1196, Links Road, Nyali</p>\r\n</td>\r\n</tr>\r\n<tr>\r\n<td align="right"><img src="images/envelope.png" alt="" width="24" height="24" /></td>\r\n<td>\r\n<p><strong>Postal Address:</strong><br /> P O Box 34068, Post - Code 80118 Mombasa, Kenya</p>\r\n</td>\r\n</tr>\r\n<tr>\r\n<td align="right"><img src="images/telephone.png" alt="" width="24" height="24" /></td>\r\n<td>\r\n<p><strong>Phone:</strong> <br /> +254 (0)41 4470734, 254 (0)41 2000881</p>\r\n</td>\r\n</tr>\r\n<tr>\r\n<td align="right"><img src="images/telefax.png" alt="" width="24" height="24" /></td>\r\n<td>\r\n<p><strong>Telefax:</strong><br /> +254 (0)41 4470735</p>\r\n</td>\r\n</tr>\r\n<tr>\r\n<td align="right"><img src="images/email.png" alt="" width="24" height="24" /></td>\r\n<td>\r\n<p><strong>Email:</strong> <br /> ttca@ttcanc.org</p>\r\n</td>\r\n</tr>\r\n</tbody>\r\n</table>', 'contacts.php', 9, 1, 1, '', 1),
(11, 'Stakeholders', 'about-top-header.jpg', 0, '', 'stakeholders.php', 8, 1, 1, NULL, 1),
(12, 'Reports', NULL, 0, NULL, 'manage_reports.php', 1, 2, 2, NULL, 0),
(13, 'Manage Master Cargo Data', NULL, 0, NULL, 'manage_cargo.php', 2, 2, 2, NULL, 0),
(14, 'Manage Master Transit Data', NULL, 0, NULL, 'manage_transit.php', 3, 2, 2, NULL, 0),
(15, 'Indicators', '', 0, '', 'manage_indicators.php', 10, 2, 2, ',4,', 1),
(16, 'User Accounts', NULL, 0, NULL, 'manage_users.php', 12, 2, 2, ',4,', 1),
(17, 'Access Control Manager', '', 2012042616151410167, '', 'manage_accesscontrol.php', 2, 2, 2, ',4,', 1),
(18, 'General Info', '', 0, '', 'manage_homefeature.php', 9, 2, 2, ',4,3,', 1),
(19, 'Dashboard', 'calendar-top-header.jpg', 0, '', 'http://kandalakaskazini.go.ke', 5, 1, 1, NULL, 1),
(133758176764143656, 'Stakeholders', 'about-top-header.jpg', 18, '', 'manage_stakeholders.php', 7, 2, 2, ',4,3,', 1),
(133780682185758797, 'Main Site', 'about-top-header.jpg', 0, '', 'http://www.ttcanc.org', 10, 1, NULL, NULL, 1),
(133785119243239078, 'Change Language', 'about-top-header.jpg', 2012042310373619258, '<p>The TTCA-NC Website is viewable in three languages to facilitate easy access by member states. These are;</p>\r\n<ul>\r\n<li>\r\n<p>English</p>\r\n</li>\r\n<li>\r\n<p>French</p>\r\n</li>\r\n</ul>\r\n<p>Click the <em>Change language</em> <strong>English | French</strong><em>&nbsp;</em>links on the home page to switch the navigation and menus to a language of your choice.</p>\r\n<p>&nbsp;</p>\r\n<p><strong>Note:</strong> Availability of content in the language of your choice is independent of navigation system language selection.</p>\r\n<p>&nbsp;</p>', '', 2, 3, NULL, NULL, 1);

-- 
-- Dumping data for table pages
--

-- Table ncttca2.pages does not contain any data (it is empty)

-- 
-- Dumping data for table pagetype
--
INSERT INTO pagetype VALUES
(1, 'Public'),
(2, 'Authentication Required');

-- 
-- Dumping data for table permission
--

-- Table ncttca2.permission does not contain any data (it is empty)

-- 
-- Dumping data for table portdwelltime
--

-- Table ncttca2.portdwelltime does not contain any data (it is empty)

-- 
-- Dumping data for table qualitative
--
INSERT INTO qualitative VALUES
(2012050814262039901, 'Good', ''),
(2012050814263286699, 'Fair', ''),
(2012050814264872174, 'Poor', ''),
(2012050814265793273, 'Average', ''),
(2012050814270416090, 'Fair/Poor', ''),
(2012050814273775586, 'Proposed', ''),
(2012050814282333352, 'New road', ''),
(2012050814283813561, 'Good/Poor', ''),
(2012050814295063898, 'Good/Fair', ''),
(2012050910200462570, 'Murram road', '');

-- 
-- Dumping data for table rcvcountry
--

-- Table ncttca2.rcvcountry does not contain any data (it is empty)

-- 
-- Dumping data for table regcountry
--

-- Table ncttca2.regcountry does not contain any data (it is empty)

-- 
-- Dumping data for table region
--
INSERT INTO region VALUES
(2012030612085735746, 'Norther Corridor');

-- 
-- Dumping data for table reportingperiod
--
INSERT INTO reportingperiod VALUES
(1, 'Q1'),
(2, 'Q2'),
(3, 'Q3'),
(4, 'Q4');

-- 
-- Dumping data for table roadsurvey
--
INSERT INTO roadsurvey VALUES
(1, '1', NULL, NULL, 'DAVID MAINA', 41, 'CONTAINER', 'PETROLIUM RELATED', 24380, 'AOB004', NULL, NULL, 'MOMBASA', 'KAMPALA, UG', NULL, 'SEMI-TRAILER', 'DCI', 'RENAULT', 'KENYA', 'KAU973K', 'ZB0758', '6-AXLES', '2012-08-21', '2012-09-03 10:25:00', '2012-09-04 11:30:00', '2012-09-06 11:10:00', '2012-09-11 05:07:00', '2012-09-16 12:41:00'),
(2, '10', NULL, NULL, 'JMES MWANGANGI', 41, 'CONTAINER', 'SUGAR', 28000, 'MSKU4376352', NULL, NULL, 'MOMBASA', 'KAMPALA, UG', NULL, 'SEMI-TRAILER', 'AXOR', 'MERCEDES BENZ', 'KENYA', 'KBL196L', 'ZB0758', '6-AXLES', '2012-08-20', '2012-08-21 00:00:00', '2012-08-21 21:35:00', '2012-08-21 23:52:00', '2012-08-24 07:26:00', '2012-08-26 08:00:00'),
(3, '100', NULL, NULL, 'CHARLES K LANGAT', NULL, 'CONTAINER', 'COOKING OIL', 27000, 'NA', NULL, NULL, 'MOMBASA', 'JINJA, UG', NULL, 'SEMI-TRAILER', 'ACTROSS 3340', 'MERCEDES BENZ', 'KENYA', 'KAX758T', 'ZB0758', '6-AXLES', '2012-09-04', '0000-00-00 00:00:00', '0000-00-00 00:00:00', '2012-09-04 12:00:00', '2012-09-11 08:30:00', '2012-09-13 15:45:00'),
(4, '101', NULL, NULL, 'OMAR LAKOLE GAYOYE', 42, 'TANKER', 'COOKING OIL', NULL, 'NA', NULL, NULL, 'MOMBASA', 'JINJA, UG', NULL, '', 'ACTROSS', 'MERCEDES BENZ', 'KENYA', 'KAZ681J', 'ZB0758', NULL, '2012-09-16', '0000-00-00 00:00:00', '2012-09-15 14:00:00', '2012-09-16 16:30:00', '2012-09-19 10:00:00', '2012-09-21 16:00:00'),
(5, '102', NULL, NULL, 'SITUMA DENNIS', 36, 'LOOSE CARGO', 'GRAINS', 28040, 'NA', NULL, NULL, 'MOMBASA', 'KAMPALA, UG', NULL, 'SEMI-TRAILER', 'AXOR', 'MERCEDES BENZ', 'KENYA', 'KBK144H', 'ZB0758', '6-AXLES', '2012-09-08', '0000-00-00 00:00:00', '2012-09-08 00:00:00', '2012-09-08 05:30:00', '2012-09-04 09:30:00', '2012-09-14 10:51:00'),
(6, '103', NULL, NULL, 'RAMADHAN', NULL, '', NULL, NULL, '', NULL, NULL, 'MOMBASA', 'KAMPALA, UG', NULL, 'SEMI-TRAILER', 'AXOR 1840', 'MERCEDES BENZ', 'KENYA', 'KBK148H', 'ZB0758', '6-AXLES', '2012-09-14', '0000-00-00 00:00:00', '2012-09-14 00:00:00', '2012-09-14 07:00:00', '2012-09-20 11:30:00', '2012-09-20 11:30:00'),
(7, '104', NULL, NULL, 'HASSAN NDULI', NULL, '', NULL, NULL, '', NULL, NULL, 'MOMBASA', 'KIBALI, CD', NULL, 'SEMI-TRAILER', '', 'BEIBEN', 'KENYA', 'KBS438F', 'ZB0758', '6-AXLES', '2012-09-06', '0000-00-00 00:00:00', '2012-09-06 09:00:00', '2012-09-06 13:00:00', '2012-09-14 17:30:00', '2012-09-19 11:00:00'),
(8, '105', NULL, NULL, 'RASHID KAHINDI', NULL, '', NULL, NULL, '', NULL, NULL, 'MOMBASA', 'KIBALI, CD', NULL, 'SEMI-TRAILER', '', 'BEIBEN', 'KENYA', 'KBS449F', 'ZB0758', '6-AXLES', '2012-09-06', '0000-00-00 00:00:00', '2012-09-06 09:30:00', '2012-09-06 13:00:00', '2012-09-19 11:00:00', '2012-09-19 11:00:00'),
(9, '106', NULL, NULL, 'B MUOLA', NULL, 'LOOSE CARGO', 'GRAINS', 27000, 'NA', NULL, NULL, 'MOMBASA', 'JINJA, UG', NULL, 'SEMI-TRAILER', 'AXOR', 'MERCEDES BENZ', 'KENYA', 'KBP264D', 'ZB0758', '6-AXLES', '2012-09-14', '2012-09-14 08:00:00', '2012-09-14 15:00:00', '2012-09-14 03:00:00', '2012-09-18 15:20:00', '2012-09-21 17:00:00'),
(10, '107', NULL, NULL, 'D MUVAA', NULL, 'LOOSE CARGO', 'GRAINS', 27000, 'NA', NULL, NULL, 'MOMBASA', 'JINJA, UG', NULL, 'RIGID TRUCK/TIPPER', 'AXOR', 'MERCEDES BENZ', 'KENYA', 'KBS563H', 'ZB0758', '6-AXLES', '2012-09-14', '2012-09-14 16:00:00', '2012-09-15 08:00:00', '2012-09-15 10:30:00', '2012-09-20 22:50:00', '2012-09-23 17:20:00'),
(11, '108', NULL, NULL, 'MDOE NGONYO', NULL, 'LOOSE CARGO', 'GRAINS', 27000, 'NA', NULL, NULL, 'MOMBASA', 'JINJA, UG', NULL, 'RIGID TRUCK/TIPPER', 'AXOR', 'MERCEDES BENZ', 'KENYA', 'KBS559H', 'ZB0758', '6-AXLES', '2012-09-18', '2012-09-18 08:00:00', '2012-09-18 14:00:00', '2012-09-18 19:30:00', '2012-09-21 02:30:00', '2012-09-24 07:33:00'),
(12, '109', NULL, NULL, 'F MAKORI', NULL, 'LOOSE CARGO', 'GRAINS', 27000, 'NA', NULL, NULL, 'MOMBASA', 'JINJA, UG', NULL, 'RIGID TRUCK/TIPPER', 'AXOR', 'MERCEDES BENZ', 'KENYA', 'KBJ139F', 'ZB0758', '6-AXLES', '2012-09-12', '2012-09-12 15:00:00', '2012-09-13 02:00:00', '2012-09-13 10:40:00', '2012-09-17 17:30:00', '2012-09-20 12:00:00'),
(13, '11', NULL, NULL, 'PETER YAKUB', 45, 'LOOSE CARGO', 'OTHERS', 28000, 'NA', NULL, NULL, 'MOMBASA', 'TORORO, UG', NULL, 'SEMI-TRAILER', 'NISSAN DIESEL', 'UD NDOVU', 'KENYA', 'KBA190M', 'ZB0758', '3-AXLES', '2012-08-16', '0000-00-00 00:00:00', '2012-08-16 00:00:00', '2012-08-16 05:40:00', '2012-08-18 11:00:00', '2012-08-21 15:30:00'),
(14, '110', NULL, NULL, 'E MUREI', NULL, 'LOOSE CARGO', 'GRAINS', 27000, 'NA', NULL, NULL, 'MOMBASA', 'JINJA, UG', NULL, 'SEMI-TRAILER', 'AXOR', 'MERCEDES BENZ', 'KENYA', 'KBQ617E', 'ZB0758', '6-AXLES', '2012-09-09', '2012-09-09 14:00:00', '2012-09-10 04:00:00', '2012-09-10 08:00:00', '2012-09-18 18:40:00', '2012-09-14 19:30:00'),
(15, '111', NULL, NULL, 'B MAGANGA', NULL, 'LOOSE CARGO', 'GRAINS', 27000, 'NA', NULL, NULL, 'MOMBASA', 'JINJA, UG', NULL, 'SEMI-TRAILER', 'AXOR', 'MERCEDES BENZ', 'KENYA', 'KBJ136U', 'ZB0758', '6-AXLES', '2012-09-18', '2012-09-18 14:00:00', '2012-09-19 02:00:00', '2012-09-19 10:20:00', '2012-09-21 15:00:00', '2012-09-23 21:00:00'),
(16, '112', NULL, NULL, 'J KOECH', NULL, 'LOOSE CARGO', 'GRAINS', 27000, 'NA', NULL, NULL, 'MOMBASA', 'JINJA, UG', NULL, 'SEMI-TRAILER', 'AXOR', 'MERCEDES BENZ', 'KENYA', 'KBG209K', 'ZB0758', '6-AXLES', '2012-09-09', '2012-09-09 08:00:00', '2012-09-09 10:00:00', '2012-09-09 17:00:00', '2012-09-14 16:00:00', '2012-09-17 09:00:00'),
(17, '113', NULL, NULL, 'FREDRICK MUSYOKI KYOMA', 31, 'CONTAINER', 'PETROLIUM RELATED', 21900, 'NA', NULL, NULL, 'MOMBASA', 'KAMPALA, UG', NULL, 'SEMI-TRAILER', '', 'FAW', 'KENYA', 'KBD343Z', 'ZB0758', NULL, '2012-09-02', '0000-00-00 00:00:00', '2012-09-09 21:00:00', '2012-09-03 06:00:00', '2012-09-06 15:00:00', '2012-09-10 15:00:00'),
(18, '114', NULL, NULL, 'RICHARD MUTUNGA', 38, 'CONTAINER', 'BUILDING MATERIALS', 21867, 'IRSU2077875', NULL, NULL, 'MOMBASA', 'KAMPALA, UG', NULL, 'SEMI-TRAILER', '', 'FAW', 'KENYA', 'KBN154W', 'ZB0758', '6-AXLES', '2012-09-02', '2012-09-01 21:30:00', '2012-09-02 00:00:00', '2012-09-03 06:30:00', '2012-09-07 17:30:00', '2012-09-12 06:30:00'),
(19, '115', NULL, NULL, 'LUCAS KYALO', 34, 'LOOSE CARGO', 'GRAINS', 27000, 'NA', NULL, NULL, 'KENYA', 'KAMPALA, UG', NULL, 'TRUCK-TRAILER', '', 'SHACMAN', 'KENYA', 'KBP479U', 'ZB0758', '6-AXLES', '0000-00-00', '2012-09-02 09:00:00', '2012-09-02 10:00:00', '2012-09-03 06:00:00', '2012-09-06 06:10:00', '2012-09-17 18:04:00'),
(20, '116', NULL, NULL, 'JAMES KINGORI', 44, 'LOOSE CARGO', 'IRON AND STEEL', 27000, 'NA', NULL, NULL, 'MOMBASA', 'JINJA, UG', NULL, 'TRUCK-TRAILER', '', 'SHACMAN', 'KENYA', 'KBR016J', 'ZB0758', '6-AXLES', '2012-08-20', '2012-08-21 12:30:00', '2012-08-21 01:40:00', '2012-08-22 06:00:00', '2012-08-24 07:00:00', '2012-08-27 10:13:00');

-- 
-- Dumping data for table roadsurveyactivity
--
INSERT INTO roadsurveyactivity VALUES
(1, NULL, 'KENYA OUTBOUND', 1, 'MARIAKANI', 'KE01', 'D02/D03', '2012-09-06 11:56:00', '2012-09-06 12:08:00', '', '', NULL),
(2, NULL, 'KENYA OUTBOUND', 2, 'MAILI KUBWA', 'KE02', 'D08', '2012-09-06 13:04:00', '2012-09-06 13:30:00', '', '', NULL),
(3, NULL, 'KENYA OUTBOUND', 3, 'EMALI', 'KE02', 'D08', '2012-09-06 20:12:00', '2012-09-07 06:47:00', '', '', NULL),
(4, NULL, 'KENYA OUTBOUND', 4, 'ATHI RIVER', 'KE02', 'D03', '2012-09-07 10:40:00', '2012-09-07 11:33:00', '', '', NULL),
(5, NULL, 'KENYA OUTBOUND', 5, 'GILGIL', 'KE03', 'D02/D03', '2012-09-07 15:52:00', '2012-09-07 16:42:00', '', '', NULL),
(6, NULL, 'KENYA OUTBOUND', 6, 'NAKURU', 'KE03', 'D08', '2012-09-07 17:33:00', '2012-09-08 09:20:00', '', '', NULL),
(7, NULL, 'KENYA OUTBOUND', 7, 'SACHAGWAN', 'KE04', 'D08', '2012-09-08 10:41:00', '2012-09-08 13:54:00', '', '', NULL),
(8, NULL, 'KENYA OUTBOUND', 8, 'JUAKALI', 'KE07', 'D08', '2012-09-08 17:40:00', '2012-09-09 08:04:00', '', '', NULL),
(9, NULL, 'KENYA OUTBOUND', 9, 'MALABA', 'KE04', 'D06', '2012-09-09 11:43:00', '2012-09-10 18:38:00', '', '', NULL),
(10, NULL, 'UGANDA OUTBOUND', 10, 'BUSITEMA', 'UG02', 'D03', '2012-09-10 19:09:00', '2012-09-10 19:30:00', '', '', NULL),
(11, NULL, 'UGANDA OUTBOUND', 11, 'MUKONO', 'UG03', 'D08', '2012-09-11 00:26:00', '2012-09-11 17:50:00', '', '', NULL),
(12, NULL, 'UGANDA OUTBOUND', 12, 'KAMPALA', 'UG03', 'D06', '2012-09-11 05:07:00', '2012-09-12 17:50:00', '', '', NULL),
(13, NULL, 'UGANDA INBOUND', 13, 'MAGA MAGA', 'UG03', 'D08', '2012-09-12 20:22:00', '2012-09-12 20:35:00', '', '', NULL),
(14, NULL, 'UGANDA INBOUND', 14, 'BUGIRI', 'UG03', 'D06', '2012-09-12 21:33:00', '2012-09-13 04:59:00', '', '', NULL),
(15, NULL, 'UGANDA INBOUND', 15, 'MALABA', 'UG03', 'D06', '2012-09-13 06:40:00', '2012-09-13 07:19:00', '', '', NULL),
(16, NULL, 'KENYA INBOUND', 16, 'WEBUYE', 'KE07', 'D08', '2012-09-13 09:07:00', '2012-09-13 09:35:00', '', '', NULL),
(17, NULL, 'KENYA INBOUND', 17, 'JUAKALI', 'KE07', 'D08', '2012-09-13 10:49:00', '2012-09-13 12:43:00', '', '', NULL),
(18, NULL, 'KENYA INBOUND', 18, 'NAKURU', 'KE03', 'D09', '2012-09-13 17:56:00', '2012-09-15 09:34:00', '', '', NULL),
(19, NULL, 'KENYA INBOUND', 19, 'NAIROBI', 'KE03', 'D11', '2012-09-15 13:04:00', '2012-09-15 16:18:00', '', '', NULL),
(20, NULL, 'KENYA INBOUND', 20, 'MTITO ANDEI', 'KE02', 'D08', '2012-09-15 20:36:00', '2012-09-16 06:08:00', '', '', NULL);

-- 
-- Dumping data for table roadsurveyfee
--

-- Table ncttca2.roadsurveyfee does not contain any data (it is empty)

-- 
-- Dumping data for table route
--
INSERT INTO route VALUES
(6001, 'Mombasa-Busia', 3002, 'Mombasa', 'Busia', 'KE', NULL),
(6002, 'Mombasa-Malaba', 3001, 'Mombasa', 'Malaba', 'KE', NULL),
(6003, 'Malaba-Katuna', 3001, 'Malaba', 'Katuna', 'UG', NULL),
(6004, 'Malaba-Ishasha River', 3001, 'Malaba', 'Ishasha River', 'UG', NULL),
(6005, 'Malaba-Mpondwe', 3001, 'Malaba', 'Mpondwe', 'UG', NULL),
(6006, 'Malaba-Goli', 3001, 'Malaba', 'Goli', 'UG', NULL),
(6007, 'Malaba-Arua', 3001, 'Malaba', 'Arua', 'UG', NULL),
(6008, 'Busia-Katuna', 3001, 'Busia', 'Katuna', 'UG', NULL),
(6009, 'Busia-Ishasha River', 3001, 'Busia', 'Ishasha River', 'UG', NULL),
(6010, 'Busia-Arua', 3001, 'Busia', 'Arua', 'UG', NULL),
(6011, 'Busia-Goli', 3001, 'Busia', 'Goli', 'UG', NULL),
(6012, 'Kasese-Kagitumba', 3001, 'Kasese', 'Kagitumba', 'UG', NULL),
(6013, 'Kasese-Mpondwe', 3001, 'Kasese', 'Mpondwe', 'UG', NULL),
(6014, 'Kasese-Ishasha River', 3001, 'Kasese', 'Ishasha River', 'UG', NULL),
(6015, 'Kagitumba-Akanyaru Haut', 3001, 'Kagitumba', 'Akanyaru Haut', 'RW', NULL),
(6016, 'Kagitumba-Cyangugu', 3001, 'Kagitumba', 'Cyangugu', 'RW', NULL),
(6017, 'Kagitumba-Akanyaru Haut', 3001, 'Kagitumba', 'Akanyaru Haut', 'RW', NULL),
(6018, 'Gatuna-Cyangugu', 3001, 'Gatuna', 'Cyangugu', 'RW', NULL),
(6019, 'Gatuna-Gisenyi', 3001, 'Gatuna', 'Gisenyi', 'RW', NULL),
(6020, 'Cyangugu-Bugarama', 3001, 'Cyangugu', 'Bugarama', 'RW', NULL);

-- 
-- Dumping data for table routecharge
--
INSERT INTO routecharge VALUES
(134701767414386999, 'Road Freight Tariff', 134701799700462133, 2012051417280866662, 134701706243151442, 3001, 7, 2012, 235),
(134701777039489386, 'Road Freight Tariff', 134701799700462133, 2012051417280866662, 134701710674714044, 3001, 7, 2012, 200),
(134701788705628176, 'Road Freight Tariff', 134701799700462133, 2012051417280866662, 134701746300983607, 3001, 7, 2012, 160),
(134701857900884961, 'Road Freight Tariff', 134701799700462133, 2012051417280866662, 134701754117611140, 3001, 7, 2012, 50),
(136626311464678784, 'Road Freight Tariff', 134701799700462133, 2012051417280866662, 134701706243151442, 3001, 3, 2012, 220),
(136626315961137491, 'Road Freight Tariff', 134701799700462133, 2012051417280866662, 134701710674714044, 3001, 3, 2013, 180),
(136626323208263539, 'Road Freight Tariff', 134701799700462133, 2012051417280866662, 134701746300983607, 3001, 3, 2013, 140),
(136626327293387352, 'Road Freight Tariff', 134701799700462133, 2012051417280866662, 134701754117611140, 3001, 3, 2013, 50),
(136626416190992154, 'Road Freight Tariff', 134701799700462133, 2012051417280866662, 136626357606621651, 3001, 3, 2013, 70),
(136626422052674409, 'Road Freight Tariff', 134701799700462133, 2012051417280866662, 136626364098582032, 3001, 3, 2013, 35),
(136626428702612085, 'Road Freight Tariff', 134701801800344249, 2012051417280866662, 136626382021725259, 3001, 3, 2013, 35),
(136626433216622839, 'Road Freight Tariff', 134701801800344249, 2012051417280866662, 136626389362545517, 3001, 3, 2013, 70),
(136626439677511045, 'Road Freight Tariff', 134701801800344249, 2012051417280866662, 136626400790425992, 3001, 3, 2013, 50),
(136626442675547184, 'Road Freight Tariff', 134701801800344249, 2012051417280866662, 136626407245411657, 3001, 3, 2013, 140),
(136626640794835910, 'Road Freight Tariff', 134701801800344249, 2012051417280866662, 136626576209127342, 3001, 3, 2013, 160),
(136626644499873527, 'Road Freight Tariff', 134701801800344249, 2012051417280866662, 136626600008488074, 3001, 3, 2013, 180);

-- 
-- Dumping data for table routecharges
--

-- Table ncttca2.routecharges does not contain any data (it is empty)

-- 
-- Dumping data for table routes
--

-- Table ncttca2.routes does not contain any data (it is empty)

-- 
-- Dumping data for table routesection
--
INSERT INTO routesection VALUES
(7001, 'Mombasa-Nairobi', 6001, 'Mombasa', 'Nairobi', 484.00),
(7002, 'Nairobi-Kisumu', 6001, 'Nairobi', 'Kisumu', 347.00),
(7003, 'Kisumu-Busia', 6001, 'Kisumu', 'Busia', 114.00),
(7004, 'Mombasa-Nairobi', 6002, 'Mombasa', 'Nairobi', 484.00),
(7005, 'Nairobi-Eldoret', 6002, 'Nairobi', 'Eldoret', 313.00),
(7006, 'Eldoret-Malaba', 6002, 'Eldoret', 'Malaba', 127.00),
(7007, 'Malaba-Jinja', 6003, 'Malaba', 'Jinja', 142.00),
(7008, 'Jinja-Kampala', 6003, 'Jinja', 'Kampala', 78.80),
(7009, 'Kampala-Masaka', 6003, 'Kampala', 'Masaka', 132.00),
(7010, 'Masaka-Kabale', 6003, 'Masaka', 'Kabale', 273.00),
(7011, 'Kabale-Katuna', 6003, 'Kabale', 'Katuna', 23.70),
(7012, 'Malaba-Jinja', 6004, 'Malaba', 'Jinja', 142.00),
(7013, 'Jinja-Kampala', 6004, 'Jinja', 'Kampala', 78.80),
(7014, 'Kampala-Ishasha River', 6004, 'Kampala', 'Ishasha River', 415.00),
(7015, 'Malaba-Jinja', 6005, 'Malaba', 'Jinja', 142.00),
(7016, 'Jinja-Kampala', 6005, 'Jinja', 'Kampala', 78.80),
(7017, 'Kampala-Mpondwe', 6005, 'Kampala', 'Mpondwe', 409.00),
(7018, 'Malaba-Tororo', 6006, 'Malaba', 'Tororo', 15.30),
(7019, 'Tororo-Goli', 6006, 'Tororo', 'Goli', 553.00),
(7020, 'Malaba-Tororo', 6007, 'Malaba', 'Tororo', 15.30);

-- 
-- Dumping data for table routesectioncharge
--

-- Table ncttca2.routesectioncharge does not contain any data (it is empty)

-- 
-- Dumping data for table routesnsections
--

-- Table ncttca2.routesnsections does not contain any data (it is empty)

-- 
-- Dumping data for table routestate
--
INSERT INTO routestate VALUES
(72, 2012050814263286699, 72, 3001, NULL, 10, 2009),
(78, 2012050814263286699, 78, 3001, NULL, 10, 2009),
(79, 2012050814262039901, 79, 3001, NULL, 10, 2009),
(80, 2012050814264872174, 80, 3001, NULL, 10, 2009),
(81, 2012050814270416090, 81, 3001, NULL, 10, 2009),
(82, 2012050814270416090, 82, 3001, NULL, 10, 2009),
(83, 2012050814264872174, 83, 3001, NULL, 10, 2009),
(84, 2012050814262039901, 84, 3001, NULL, 10, 2009),
(85, 2012050814273775586, 85, 3001, NULL, 10, 2009),
(86, 2012050814273775586, 86, 3001, NULL, 10, 2009),
(87, NULL, 87, 3001, NULL, 10, 2009),
(88, 2012050814263286699, 88, 3001, NULL, 10, 2009),
(89, 2012050814273775586, 89, 3001, NULL, 10, 2009),
(90, 2012050814270416090, 90, 3001, NULL, 10, 2009),
(91, 2012050814270416090, 91, 3001, NULL, 10, 2009),
(92, 2012050814270416090, 92, 3001, NULL, 10, 2009),
(93, 2012050814270416090, 93, 3001, NULL, 10, 2009),
(94, 2012050814262039901, 94, 3001, NULL, 10, 2009),
(95, 2012050814262039901, 95, 3001, NULL, 10, 2009),
(96, 2012050814263286699, 96, 3001, NULL, 10, 2009);

-- 
-- Dumping data for table routesubsection
--
INSERT INTO routesubsection VALUES
(1, 'Pakwach - Wau', NULL, 'Pakwach ', ' Wau', NULL),
(2, 'Soroti - Pakwach', NULL, 'Soroti ', ' Pakwach', 344.00),
(3, 'Kampala - Kasese', NULL, 'Kampala ', ' Kasese', 332.00),
(4, 'Port Bell - Kampala', NULL, 'Port Bell ', ' Kampala', 10.00),
(5, 'Tororo - Soroti', NULL, 'Tororo ', ' Soroti', 161.00),
(6, 'Malaba - Kampala', NULL, 'Malaba ', ' Kampala', 250.00),
(7, 'Nakuru - Kisumu', NULL, 'Nakuru ', ' Kisumu', 217.00),
(8, 'Nairobi - Malaba', NULL, 'Nairobi ', ' Malaba', 550.00),
(9, 'Mombasa - Nairobi', 7001, 'Mombasa ', ' Nairobi', 484.00),
(10, 'Lulimba - Kabambare - Kasongo', NULL, 'Lulimba ', ' Kasongo', 166.00),
(11, 'Fizi - Lulimba - Limkatanga', NULL, 'Fizi ', ' Limkatanga', 117.00),
(12, 'Fizi - Milembe - Mwenga', NULL, 'Fizi ', ' Mwenga', 255.00),
(13, 'Bunyakiri - Makuta- Kalungu', NULL, 'Bunyakiri ', ' Kalungu', 80.00),
(14, 'Walikale - Masisi - Sake (Murram Road)', NULL, 'Walikale ', ' Sake (Murram Road)', 213.00),
(15, 'Walikale - Lubutu (Murram Road)', NULL, 'Walikale ', ' Lubutu (Murram Road)', 190.00),
(16, 'Hombo - Walikale(Murram Road)', NULL, 'Hombo ', ' Walikale(Murram Road)', 107.00),
(17, 'Bukavu - Hombo (Bitumenised Road)', NULL, 'Bukavu ', ' Hombo (Bitumenised Road)', 120.00),
(18, 'Rutsuru-Bunagana (Murram Road)', NULL, 'Rutsuru', 'Bunagana (Murram Road)', 24.00),
(19, 'Komanda - Bunia (Murram Road)', NULL, 'Komanda ', ' Bunia (Murram Road)', 71.00),
(20, 'Komanda - Beni (Murram Road)', NULL, 'Komanda ', ' Beni (Murram Road)', 125.00);

-- 
-- Dumping data for table rsorigindestination
--

-- Table ncttca2.rsorigindestination does not contain any data (it is empty)

-- 
-- Dumping data for table rsweighbridge
--

-- Table ncttca2.rsweighbridge does not contain any data (it is empty)

-- 
-- Dumping data for table safetycategory
--
INSERT INTO safetycategory VALUES
(2012051017165289597, 'Location'),
(2012051017172037650, 'Lighting Conditions'),
(2012051017213494169, 'Weather Conditions'),
(2012051017215784028, 'Collision Type'),
(2012051017222011825, 'Impact Direction'),
(2012051017240646388, 'Route Users'),
(2012051017245283235, 'Gender of Victim(s)'),
(2012051017251768169, 'Age of Victim'),
(2012051017255550225, 'Driving Experience (Driver)'),
(2012051017261699146, 'Licence Type'),
(2012051017263089670, 'Vehicle Age'),
(2012051017264034527, 'Possible Age');

-- 
-- Dumping data for table safetysubcategory
--
INSERT INTO safetysubcategory VALUES
(2012051017311017094, 'Urban Area', 2012051017165289597),
(2012051017312762949, 'Rural Area', 2012051017165289597),
(2012051017333033285, 'Tarmaced Road', 2012051017165289597),
(2012051017335392520, 'Murram Road', 2012051017165289597),
(2012051017345715719, 'Link Section', 2012051017165289597),
(2012051017353375493, 'Intersection', 2012051017165289597),
(2012051017354857309, 'Curve', 2012051017165289597),
(2012051017365677397, 'Day', 2012051017172037650),
(2012051017372594938, 'Night', 2012051017172037650),
(2012051017380223603, 'Wet', 2012051017213494169),
(2012051017381137267, 'Dry', 2012051017213494169),
(2012051017391848403, 'Light Vehicle', 2012051017215784028),
(2012051017393440886, 'Truck', 2012051017215784028),
(2012051017404951802, 'Pedestrian', 2012051017215784028),
(2012051017411635214, 'Non-Motorized Vehicle', 2012051017215784028),
(2012051017415239170, 'Two wheeled Vehicle', 2012051017215784028),
(2012051017421866008, 'Public Transport Vehicle', 2012051017215784028),
(2012051017424014864, 'Right Angle', 2012051017222011825),
(2012051017430179833, 'Front', 2012051017222011825),
(2012051017432146265, 'Rear', 2012051017222011825);

-- 
-- Dumping data for table session
--

-- Table ncttca2.session does not contain any data (it is empty)

-- 
-- Dumping data for table shorturl
--

-- Table ncttca2.shorturl does not contain any data (it is empty)

-- 
-- Dumping data for table source
--

-- Table ncttca2.source does not contain any data (it is empty)

-- 
-- Dumping data for table stakeholder
--
INSERT INTO stakeholder VALUES
(1, 'Kenya Ports Authority (KPA)', 'KE', 1, 'For years, the Port Mombasa has been known as "the city of merchants". Dating back to the times of Vasco Da Gama, it became an increasingly busy trading post for the region. Due to its location, strategically placed midway between South Africa and the gulf of Eden the Port has experienced tremendous traffic through the years. The Port of Mombasa is the gateway to East and Central Africa,and is one of the busiest Ports along the East African coastline. The Port provides direct connectivity to over 80 Ports worldwide and is linked to a vast hinterland comprising Uganda, Rwanda, Burundi, Eastern Democratic Republic of Congo, Northern Tanzania, Southern Sudan, Somalia and Ethiopia by road.A railway line also runs from the Port to Uganda and Tanzania.', 'micd@kpa.co.ke', 'http://www.kpa.co.ke/Pages/default.aspx', 3, 1),
(2, 'Kenya Revenue Authority (KRA)', 'KE', 2, '', '', 'http://www.kra.go.ke/', 2, 1),
(3, 'Kenya Railway Corporation (KRC)', 'KE', 3, '', '', 'http://www.krc.co.ke/ ', 6, 1),
(4, 'Rift Valley Railways (RVR)', 'KE', 3, '', '', 'http://www.riftvalleyrail.com', 5, 1),
(5, 'Kenya Pipeline Corporation (KPC)', 'KE', 4, 'The Kenya Pipeline Company (KPC) Limited is a State Corporation established on 6th September, 1973 under the Companies Act (CAP 486) of the Laws of Kenya and started commercial operations in 1978.  The Company is 100% owned by the Government and complies with the provisions of the State Corporations Act (Cap 446) of 1986.  The Company operations are also governed by relevant legislations and regulations such as the Finance Act, the Public Procurement Regulations, and Performance Contracting.', 'info@kpc.co.ke', 'http://www.kpc.co.ke/', 4, 1),
(6, 'Kenya National Highway Authority (KeNHA)', 'KE', 5, '', '', 'http://www.kenha.co.ke', 7, 1),
(7, 'Ministry of Transport - Kenya', 'KE', 6, '', '', 'URL: http://www.transport.go.ke/', 1, 1),
(8, 'Uganda Revenue Authority (URA)', 'UG', 2, '', '', 'http://www.ura.go.ug', 2, 1),
(9, 'Uganda National Roads Authority (UNRA)', 'UG', 5, '', '', 'http://www.unra.go.ug', 4, 1),
(10, 'Ministry of Works and Transport - Uganda', 'UG', 6, '', '', 'http://www.works.go.ug', 1, 1),
(11, 'Uganda Railway Corporation', 'UG', 3, NULL, NULL, NULL, 3, 1),
(12, 'Rwanda Revenue Authority (RRA)', 'RW', 2, '', '', 'http://www.rra.gov.rw', 3, 1),
(13, 'Magasins Generaux du Rwanda - (MAGERWA)', 'RW', 1, '', '', 'http://www.portek.com/port-operations/rwanda-magasins-generaux-de-rwanda-kigali', 4, 1),
(14, 'Rwanda Transport Development Authority', 'RW', 5, '', '', 'http://www.rtda.gov.rw', 2, 1),
(15, 'Ministry of Infrastructure - Rwanda', 'RW', 6, '', '', 'http://www.mininfra.gov.rw', 1, 1),
(16, 'Office Burundais des Recettes (OBR)', 'BI', 2, '', '', 'http://www.obr.bi/', 2, 1),
(17, 'Port of Bujumbura', 'BI', 1, NULL, NULL, NULL, 3, 1),
(18, 'Ministry of Transport, Public Works and Equipment - Burundi', 'BI', 6, NULL, NULL, NULL, 1, 1),
(19, 'Office de Routes - Burundi', 'BI', 5, NULL, NULL, NULL, 4, 1),
(20, 'Direction Generale des Douanes et Accises - (DGDA)', 'CD', 2, '', '', 'http://www.douanesrdc.com/', 1, 1);

-- 
-- Dumping data for table stakeholdertype
--
INSERT INTO stakeholdertype VALUES
(1, 'Ports Authorities'),
(2, 'Revenue Authorities'),
(3, 'Railway Corporations/Operators'),
(4, 'Pipeline Corporations'),
(5, 'Roads/Highway Authorieties/Agencies'),
(6, 'Minitries in charge of Transport'),
(2147483647, 'Transporters Association');

-- 
-- Dumping data for table status
--
INSERT INTO status VALUES
(1, 'Active'),
(2, 'Disabled');

-- 
-- Dumping data for table stopreason
--
INSERT INTO stopreason VALUES
(133777901172465274, 'Police Checkpoint', NULL),
(133777902498226284, 'Refueling', NULL),
(133777905719526456, 'Customs Clearing', NULL),
(141683886143995450, 'Personal Rest', NULL);

-- 
-- Dumping data for table studycase
--
INSERT INTO studycase VALUES
(133778024267696700, 'crossing time-Malaba', 'measure delays at the Malaba border post'),
(2012050600084488438, 'Border Audit 2011/2012', ''),
(2012051817183841227, 'Truck Distance Stuty 1-2010', 'Annual distance covered by a single truck in a month');

-- 
-- Dumping data for table subject
--
INSERT INTO subject VALUES
(133780847933477017, 'General Enquiry', 'ttca@ttcanc.org'),
(133780849680522243, 'Indicators Login Account', 'topadmin@ttcanc.org');

-- 
-- Dumping data for table subnode
--
INSERT INTO subnode VALUES
(1, 'Average cargo dwell time in Mombasa port', 2001),
(5, 'Transit time in Kenya (through Malaba)', 2001),
(6, 'Transit Time in Rwanda', 2001),
(7, 'Time for Customs Clearance at Document Processing Center (DPC)', 2001),
(8, 'Time taken After Customs Release', 2001),
(9, 'Transit Time in Burundi', 2001),
(138478991784196772, 'Transit time in Kenya (through Busia)', 2001),
(138479007082168980, 'Time taken at Mombasa One Stop Center before Customs Release', 2001),
(2012040416333599243, 'Busia Border Post (KE) Outbound Crossing Time', 2012031912501199464),
(2012040416340431776, 'Busia Border Post (UG) Outbound Crossing Time', 2012031913521335754),
(2012040416345252716, 'Gatuna Border Post (RW) Outbound Crossing Time', 2012032011254497557),
(2012040416353247011, 'Katuna Border Post (UG) Outbound Crossing Time', 2012031913535818697),
(2012040416360288416, 'Malaba Border Post (KE) Outbound Crossing Time', 2012031611163396191),
(2012040416375339207, 'Malaba Border Post (UG) Outbound Crossing Time', 2012031912484437034),
(2012040416383611169, 'Busia Border Post (KE) Inbound Crossing Time', 2012031912501199464),
(2012040416390098993, 'Busia Border Post (UG) Inbound Crossing Time', 2012031913521335754),
(2012040416392077085, 'Gatuna Border Post (RW) Inbound Crossing Time', 2012032011254497557),
(2012040416394863041, 'Malaba Border Post (KE) Inbound Crossing Time', 2012031611163396191),
(2012040416402926572, 'Katuna Border Post (UG) Inbound Crossing Time', 2012031913535818697),
(2012040416413189127, 'Malaba Border Post (UG) Inbound Crossing Time', 2012031912484437034);

-- 
-- Dumping data for table subnodecharge
--

-- Table ncttca2.subnodecharge does not contain any data (it is empty)

-- 
-- Dumping data for table supervisor
--
INSERT INTO supervisor VALUES
(133767124289877754, '', 20),
(2012050523423132918, 'Patrick K', 7),
(2012050811233633642, 'Alice', 21);

-- 
-- Dumping data for table survey
--
INSERT INTO survey VALUES
(2012040513261097509, 'Border Audit 1', 'Border Audit 1 (Malaba,Busia,Katuna/Gatuna) 2011-2012'),
(133778166031783868, 'Border Audit', 'Delay at the border');

-- 
-- Dumping data for table totalcargo
--

-- Table ncttca2.totalcargo does not contain any data (it is empty)

-- 
-- Dumping data for table totalvstransitcargo
--

-- Table ncttca2.totalvstransitcargo does not contain any data (it is empty)

-- 
-- Dumping data for table transit
--
INSERT INTO transit VALUES
(1, 'MSKU8726459', NULL, NULL, NULL, NULL, 1, 1, '2009-01-02 13:32:00', '2009-01-05 05:13:00', 1, 2009, NULL, 1, NULL, NULL, NULL),
(2, 'MSKU9587548', NULL, NULL, NULL, NULL, 1, 1, '2009-01-02 13:32:00', '2009-01-05 05:14:00', 1, 2009, NULL, 1, NULL, NULL, NULL),
(3, 'CLHU8227409', NULL, NULL, NULL, NULL, 1, 1, '2008-12-31 07:54:00', '2009-01-08 17:17:00', 1, 2009, NULL, 1, NULL, NULL, NULL),
(4, 'CAXU9746397', NULL, NULL, NULL, NULL, 1, 1, '2008-12-31 12:44:00', '2009-01-08 22:59:00', 1, 2009, NULL, 1, NULL, NULL, NULL),
(5, 'MSCU1248549', NULL, NULL, NULL, NULL, 1, 1, '2009-01-10 11:38:00', '2009-01-16 06:02:00', 1, 2009, NULL, 1, NULL, NULL, NULL),
(6, 'TCKU1508975', NULL, NULL, NULL, NULL, 1, 1, '2009-01-10 11:21:00', '2009-01-19 03:44:00', 1, 2009, NULL, 1, NULL, NULL, NULL),
(7, 'MEDU3499494', NULL, NULL, NULL, NULL, 1, 1, '2009-01-11 00:52:00', '2009-01-11 01:14:00', 1, 2009, NULL, 1, NULL, NULL, NULL),
(8, 'MEDU4228497', NULL, NULL, NULL, NULL, 1, 1, '2009-01-26 16:43:00', '2009-01-26 17:06:00', 1, 2009, NULL, 1, NULL, NULL, NULL),
(9, 'TGHU4667386', NULL, NULL, NULL, NULL, 1, 1, '2009-02-09 06:31:00', '2009-02-09 06:56:00', 1, 2009, NULL, 1, NULL, NULL, NULL),
(10, 'TTNU5976375', NULL, NULL, NULL, NULL, 1, 1, '2009-02-09 06:30:00', '2009-02-09 06:56:00', 1, 2009, NULL, 1, NULL, NULL, NULL),
(11, 'TTNU5876247', NULL, NULL, NULL, NULL, 1, 1, '2009-02-08 16:17:00', '2009-02-08 16:48:00', 1, 2009, NULL, 1, NULL, NULL, NULL),
(12, 'MSCU9405937', NULL, NULL, NULL, NULL, 1, 1, '2009-01-27 03:00:00', '2009-01-27 03:34:00', 1, 2009, NULL, 1, NULL, NULL, NULL),
(13, 'MSCU1812920', NULL, NULL, NULL, NULL, 1, 1, '2009-01-25 06:22:00', '2009-01-25 06:56:00', 1, 2009, NULL, 1, NULL, NULL, NULL),
(14, 'TTNU4870835', NULL, NULL, NULL, NULL, 1, 1, '2009-02-08 16:16:00', '2009-02-08 16:51:00', 1, 2009, NULL, 1, NULL, NULL, NULL),
(15, 'TRLU3175191', NULL, NULL, NULL, NULL, 1, 1, '2009-01-22 16:19:00', '2009-01-22 16:56:00', 1, 2009, NULL, 1, NULL, NULL, NULL),
(16, 'MSCU9214648', NULL, NULL, NULL, NULL, 1, 1, '2009-01-27 02:57:00', '2009-01-27 03:35:00', 1, 2009, NULL, 1, NULL, NULL, NULL),
(17, 'PCIU3135015', NULL, NULL, NULL, NULL, 1, 1, '2009-01-29 03:40:00', '2009-01-29 04:18:00', 1, 2009, NULL, 1, NULL, NULL, NULL),
(18, 'IPXU3845090', NULL, NULL, NULL, NULL, 1, 1, '2009-01-22 18:26:00', '2009-01-22 19:05:00', 1, 2009, NULL, 1, NULL, NULL, NULL),
(19, 'FSCU7857463', NULL, NULL, NULL, NULL, 1, 1, '2009-02-08 23:48:00', '2009-02-09 00:27:00', 1, 2009, NULL, 1, NULL, NULL, NULL),
(20, 'PCIU2501465', NULL, NULL, NULL, NULL, 1, 1, '2009-01-30 10:22:00', '2009-01-30 11:01:00', 1, 2009, NULL, 1, NULL, NULL, NULL);

-- 
-- Dumping data for table transit_copy
--
INSERT INTO transit_copy VALUES
(2012032017202460022, 'IPXU2117228', '', '', '', 2012031611243810739, 20, '2010-12-04 19:41:00', '2010-12-04 19:41:00', 1, 2009, 0, 0, '', '', ''),
(2012032017202460023, 'GESU2024393', '', '', '', 2012031611243810739, 20, '2010-12-01 09:59:00', '2010-12-01 09:59:00', 1, 2009, 0, 0, '', '', ''),
(2012032017202460024, 'TTNU9023638', '', '', '', 2012031611243810739, 20, '2010-11-06 09:17:00', '2010-11-06 09:36:00', 1, 2009, 0, 0, '', '', ''),
(2012032017202460025, 'MSKU9429497', '', '', '', 2012031611243810739, 20, '2010-11-10 08:53:00', '2010-11-10 09:12:00', 1, 2009, 0, 0, '', '', ''),
(2012032017202460026, 'MSKU9462664', '', '', '', 2012031611243810739, 20, '2010-11-10 08:53:00', '2010-11-10 09:13:00', 1, 2009, 0, 0, '', '', ''),
(2012032017202460027, 'MSKU3046037', '', '', '', 2012031611243810739, 20, '2010-11-23 09:20:00', '2010-11-23 09:42:00', 1, 2009, 0, 0, '', '', ''),
(2012032017202460028, 'MSKU8442853', '', '', '', 2012031611243810739, 20, '2010-11-20 09:53:00', '2010-11-20 10:15:00', 1, 2009, 0, 0, '', '', ''),
(2012032017202460029, 'ECMU9191610', '', '', '', 2012031611243810739, 20, '2010-11-17 13:31:00', '2010-11-17 13:54:00', 1, 2009, 0, 0, '', '', ''),
(2012032017202460030, 'CAXU6611058', '', '', '', 2012031611243810739, 20, '2010-11-29 22:54:00', '2010-11-29 23:21:00', 1, 2009, 0, 0, '', '', ''),
(2012032017202460031, 'MWCU5735436', '', '', '', 2012031611243810739, 20, '2010-11-19 18:15:00', '2010-11-19 18:46:00', 1, 2009, 0, 0, '', '', ''),
(2012032017202460032, 'MWCU5705067', '', '', '', 2012031611243810739, 20, '2010-11-19 18:14:00', '2010-11-19 18:46:00', 1, 2009, 0, 0, '', '', ''),
(2012032017202460033, 'ZCSU8890446', '', '', '', 2012031611243810739, 20, '2010-11-25 19:26:00', '2010-11-25 20:00:00', 1, 2009, 0, 0, '', '', ''),
(2012032017202460034, 'MSCU7405250', '', '', '', 2012031611243810739, 20, '2010-11-19 18:00:00', '2010-11-19 18:36:00', 1, 2009, 0, 0, '', '', ''),
(2012032017202460035, 'PCIU2100483', '', '', '', 2012031611243810739, 20, '2010-11-20 09:55:00', '2010-11-20 10:32:00', 1, 2009, 0, 0, '', '', ''),
(2012032017202460036, 'PCIU3995758', '', '', '', 2012031611243810739, 20, '2010-11-20 09:55:00', '2010-11-20 10:32:00', 1, 2009, 0, 0, '', '', ''),
(2012032017202460037, 'TCKU9148108', '', '', '', 2012031611243810739, 20, '2010-11-30 00:27:00', '2010-11-30 01:05:00', 1, 2009, 0, 0, '', '', ''),
(2012032017202460038, 'PONU7559193', '', '', '', 2012031611243810739, 20, '2010-11-15 09:55:00', '2010-11-15 10:34:00', 1, 2009, 0, 0, '', '', ''),
(2012032017202460039, 'BMOU4047538', '', '', '', 2012031611243810739, 20, '2010-11-25 19:26:00', '2010-11-25 20:14:00', 1, 2009, 0, 0, '', '', ''),
(2012032017202460040, 'MSKU8178144', '', '', '', 2012031611243810739, 20, '2010-11-15 09:45:00', '2010-11-15 10:35:00', 1, 2009, 0, 0, '', '', ''),
(2012032017202460041, 'ZCSU8496690', '', '', '', 2012031611243810739, 20, '2010-11-10 22:00:00', '2010-11-10 22:54:00', 1, 2009, 0, 0, '', '', '');

-- 
-- Dumping data for table transitcargo
--

-- Table ncttca2.transitcargo does not contain any data (it is empty)

-- 
-- Dumping data for table transitcharge
--

-- Table ncttca2.transitcharge does not contain any data (it is empty)

-- 
-- Dumping data for table transitcontcargo
--

-- Table ncttca2.transitcontcargo does not contain any data (it is empty)

-- 
-- Dumping data for table transitcontrate
--

-- Table ncttca2.transitcontrate does not contain any data (it is empty)

-- 
-- Dumping data for table transitlocation
--
INSERT INTO transitlocation VALUES
(0, 'None', NULL, NULL, NULL, NULL, 2),
(2012051010354394585, 'Port of Mombasa', -4.041801, 39.639275, 2012050808413517765, ',2012030211025363805,2012031310504370728,2012030210482825533,2012022312121151135,2012030211031594565,2012022312020099618,2012030211033516765,', 1),
(2012051010364053582, 'Moi International Airport (MBA)', -4.030628, 39.600563, 2012050808421558062, NULL, 1),
(2012051010383346712, 'Jomo Kenyatta International Airport', -1.330599, 36.924789, 2012050808421558062, NULL, 1),
(2012051010404448007, 'Kisumu International Airport', -0.085638, 34.728664, 2012050808421558062, NULL, 1),
(2012051010424946703, 'Entebbe International Airport (EBB)', 0.044718, 32.443230, 2012050808421558062, NULL, 1),
(2012051017061183620, 'Port Of Bujumbura', -3.375933, 29.346498, 2012050808415745484, NULL, 1),
(2012051017104150569, 'Busia Border Post', 0.465154, 34.099632, 2012050808410080433, ',2012030211035652368,', 1),
(2012051017114611480, 'Malaba Border Post', 0.637537, 34.267902, 2012050808410080433, ',2012030211035652368,', 1),
(2012051017544444426, 'Gatuna Border Post', -1.435969, 30.017265, 2012050808410080433, ',2012030211035652368,', 1),
(2012051017562377491, 'Katuna Border Post', -1.433266, 30.013361, 2012050808410080433, ',2012030211035652368,', 1),
(2012051018034462094, 'Kasindi Border Post', 0.040941, 29.720205, 2012050808410080433, ',2012030211035652368,', 1),
(2012051018104581533, 'Mpondwe Border Post', 0.111923, 29.737930, 2012050808410080433, ',2012030211035652368,', 1),
(2012051018142373365, 'Goma Border Post', -1.681697, 29.244564, 2012050808410080433, ',2012030211035652368,', 1);

-- 
-- Dumping data for table transitpoint
--
INSERT INTO transitpoint VALUES
(0, 'None', NULL, 2),
(2012050808410080433, 'Border Post', 'customs.png', 1),
(2012050808413517765, 'Sea Port', 'boat.png', 1),
(2012050808415745484, 'Lake Port', 'watercraft.png', 1),
(2012050808421558062, 'Airports', 'airport.png', 1);

-- 
-- Dumping data for table translate
--
INSERT INTO translate VALUES
(2012032818454238366, 'hello world', NULL, 'salut tout le monde', NULL, NULL, NULL),
(2012032818454415843, '1&nbsp;mar&nbsp;2012', NULL, '1er mars 2012', '1 Ù…Ø§Ø±Ø³ 2012', NULL, NULL),
(2012032818454574060, '28&nbsp;jul&nbsp;2010', NULL, '28 juillet 2010', NULL, NULL, NULL),
(2012032818454762369, '25&nbsp;jul&nbsp;2010', NULL, '25 juillet 2010', NULL, NULL, NULL),
(2012032818454833973, 'search', NULL, 'recherche', 'Ø§Ù„Ø¨Ø­Ø«', NULL, NULL),
(2012032818454925391, 'news update', NULL, 'mise Ã  jour', 'ØªØ­Ø¯ÙŠØ« Ø§Ù„Ø£Ø®Ø¨Ø§Ø±', NULL, NULL),
(2012032818455090094, 'northern corridor transport observatory project. all rights reserved', NULL, 'projet d''observatoire transport corridor nord. tous droits rÃ©servÃ©s', 'Ù…Ø´Ø±ÙˆØ¹ Ø§Ù„Ù…Ø±ØµØ¯ Ø§Ù„Ù†Ù‚Ù„ Ø§Ù„Ù…Ù…Ø± Ø§Ù„Ø´Ù…Ø§Ù„ÙŠ. Ø¬Ù…ÙŠØ¹ Ø§Ù„Ø­Ù‚ÙˆÙ‚ Ù…Ø­ÙÙˆØ¸Ø©', NULL, NULL),
(2012032818472026352, '9&nbsp;apr&nbsp;2012', NULL, '9 avril 2012', '9 Ø£Ø¨Ø±ÙŠÙ„ 2012', NULL, NULL),
(2012032818472163680, '23&nbsp;jul&nbsp;2012', NULL, '23 juillet 2012', '23 ÙŠÙˆÙ„ÙŠÙ‡ 2012', NULL, NULL),
(2012032818495234240, 'home', NULL, 'accueil', 'Ø§Ù„ØµÙØ­Ø© Ø§Ù„Ø±Ø¦ÙŠØ³ÙŠØ©', NULL, NULL),
(2012032818495330756, 'about us', NULL, 'qui sommes-nous', 'Ù…Ù† Ù†Ø­Ù†', NULL, NULL),
(2012032818495349491, 'northern corridor indicators', NULL, 'indicateurs de corridor nord', 'Ù…Ø¤Ø´Ø±Ø§Øª Ø§Ù„Ù…Ù…Ø± Ø§Ù„Ø´Ù…Ø§Ù„ÙŠ', NULL, NULL),
(2012032818495442495, 'news', NULL, 'actualitÃ©s', 'Ø£Ø®Ø¨Ø§Ø±', NULL, NULL),
(2012032818495586891, 'calendar', NULL, 'calendrier', 'Ø§Ù„ØªÙ‚ÙˆÙŠÙ…', NULL, NULL),
(2012032818495523938, 'downloads', NULL, 'tÃ©lÃ©chargements', 'Ø§Ù„Ø£Ø³Ø¨ÙˆØ¹ÙŠØ©', NULL, NULL),
(2012032818495652253, 'faqs', NULL, 'foire aux questions', 'Ø£Ø³Ø¦Ù„Ø© ÙˆØ£Ø¬ÙˆØ¨Ø©', NULL, NULL),
(2012032818495616776, 'contact us', NULL, 'nous contacter', 'Ø§ØªØµÙ„ Ø¨Ù†Ø§', NULL, NULL),
(2012032818495764130, 'stakeholders', NULL, 'intervenants', 'Ø£ØµØ­Ø§Ø¨ Ø§Ù„Ù…ØµÙ„Ø­Ø©', NULL, NULL),
(2012032818515765302, 'not enough information is available to produce this indicator.', NULL, 'n''existe pas suffisamment d''informations produire cet indicateur.', 'ØªØªÙˆÙØ± Ù…Ø¹Ù„ÙˆÙ…Ø§Øª ØºÙŠØ± ÙƒØ§ÙÙŠØ© Ù„Ø¥Ù†ØªØ§Ø¬ Ù‡Ø°Ø§ Ø§Ù„Ù…Ø¤Ø´Ø±.', NULL, NULL),
(2012032915343511534, '2&nbsp;mar&nbsp;2012', NULL, '2 mars 2012', NULL, NULL, NULL);

-- 
-- Dumping data for table transportcost
--

-- Table ncttca2.transportcost does not contain any data (it is empty)

-- 
-- Dumping data for table transportmode
--
INSERT INTO transportmode VALUES
(3001, 'Road'),
(3002, 'Rail'),
(3003, 'Pipeline');

-- 
-- Dumping data for table traveldirection
--
INSERT INTO traveldirection VALUES
(2012031611374887281, 'Outbound', 'Away from or Further to the Entry Port'),
(2012031611390116064, 'Inbound', 'Towards or Nearer to the Entry Port\r\n');

-- 
-- Dumping data for table trip
--
INSERT INTO trip VALUES
(2012050600325788905, 'KE Trip 001', 2012050513274626807, 'KE', 'UG', 6001, NULL, '', 0, '2012-05-06 00:00:00', '2012-05-06 00:00:00', 6);

-- 
-- Dumping data for table triproute
--
INSERT INTO triproute VALUES
(2012051816573559957, 'Mombasa-Malaba-Kampala', 3001, 1141),
(2012051816583653455, 'Mombasa-Busia-Kampala', 3001, 1136),
(2012051816585873633, 'Mombasa-Malaba-Kampala-Kigali', 3001, 1667),
(2012051816593019594, 'Mombasa-Malaba-Kampala-Kigali-Goma', 3001, 1845),
(2012051817002527548, 'Mombasa-Malaba-Arua', 3001, 1535),
(2012051817010363677, 'Mombasa-Malaba-Kampala-Mpondwe', 3001, 1543),
(2012051817253138693, 'Mombasa-Malaba-Kampala-Kigali-Bujumbura', 3001, 1947);

-- 
-- Dumping data for table tripsurvey
--
INSERT INTO tripsurvey VALUES
(2012051811240867313, 2012051817183841227, '2012051515002284395', 'KE', 'CD', 2012051816593019594, 2, 12, 2010),
(2012051817191886905, 2012051817183841227, '2012051515002284395', 'KE', 'BI', 2012051817253138693, 2, 12, 2010),
(2012051817245864442, 2012051817183841227, '2012051515002284395', 'KE', 'CD', 2012051817010363677, 2, 12, 2010),
(2012051817291113799, 2012051817183841227, '2012051515002284395', 'KE', 'RW', 2012051816585873633, 2, 12, 2010),
(2012051817294199317, 2012051817183841227, '2012051515002284395', 'KE', 'UG', 2012051816583653455, 3, 12, 2010),
(2012051817303560995, 2012051817183841227, '2012051515002284395', 'KE', 'UG', 2012051816573559957, 3, 12, 2010),
(2012051817314968722, 2012051817183841227, '2012051515002284395', 'KE', 'CD', 2012051817002527548, 2, 12, 2010);

-- 
-- Dumping data for table ura_trucks
--
INSERT INTO ura_trucks VALUES
('1', 'UAD 446L', '23/12/2011', '0000-00-00'),
('2', 'UAD 445L', '23/12/2011', '0000-00-00'),
('3', 'UAE 196N', '23/12/2011', '0000-00-00'),
('4', 'UAD 836Q', '23/12/2011', '0000-00-00'),
('5', 'UAE 198N', '23/12/2011', '0000-00-00'),
('6', '034 UAX', '23/12/2011', '0000-00-00'),
('7', 'UAE 608N', '23/12/2011', '0000-00-00'),
('8', 'UAE 758N', '23/12/2011', '0000-00-00'),
('9', 'UAE 706j', '23/12/2011', '0000-00-00'),
('10', 'UAE 653j', '23/12/2011', '0000-00-00'),
('11', 'UAE 773Q', '23/12/2011', '0000-00-00'),
('12', 'UAE 784Q', '23/12/2011', '0000-00-00'),
('13', 'UAE 774Q', '23/12/2011', '0000-00-00'),
('14', 'UAE 686Q', '23/12/2011', '0000-00-00'),
('15', 'UAE 900j', '23/12/2011', '0000-00-00'),
('16', 'UAE 722j', '23/12/2011', '0000-00-00'),
('17', 'UAF 797U', '23/12/2011', '0000-00-00'),
('18', 'UAF 822U', '23/12/2011', '0000-00-00'),
('19', 'UAF 181C', '23/12/2011', '0000-00-00'),
('20', 'UAF 900E', '23/12/2011', '0000-00-00');

-- 
-- Dumping data for table year
--
INSERT INTO year VALUES
(2008, '2008'),
(2009, '2009'),
(2010, '2010'),
(2011, '2011'),
(2012, '2012'),
(2013, '2013');

-- 
-- Restore previous SQL mode
-- 
/*!40101 SET SQL_MODE=@OLD_SQL_MODE */;

-- 
-- Enable foreign keys
-- 
/*!40014 SET FOREIGN_KEY_CHECKS=@OLD_FOREIGN_KEY_CHECKS */;